id,kind,ja,reading,en,operator,lines,stations,series,status,since,until,species,unit,wikipedia_ja,wikidata,official,note_en,note_ja
m.jr-hokkaido.mojakun,mascot,モジャくん,,Moja-kun,jr-hokkaido,,,,active,,,,,モジャくん,Q11344301,,JR Hokkaido's mascot.,JR北海道のマスコット。
m.aoi-mori-tetsudo.moorii,mascot,モーリー,,Morrie,aoi-mori-tetsudo,,,,active,,,,,,,,Aoimori Railway's mascot.,青い森鉄道のマスコット。
m.sanriku-tetsudo.santetsukun,mascot,さんてつくん,,Santetsu-kun,sanriku-tetsudo,,,,active,,,,,,,,Sanriku Railway's mascot.,三陸鉄道のマスコット。
m.akita-nairiku-jukan-tetsudo.nairikkun,mascot,ないりっくん,,Nairikkun,akita-nairiku-jukan-tetsudo,,,,active,,,,,ないりっくん,,,Akita Nairiku Line's mascot.,秋田内陸線のマスコット。
m.sendaishi.riimo,mascot,リーモ,,Leemo,sendaishi,tozai,,,active,,,,,,,,Mascot of the Sendai Subway Tōzai Line.,仙台市地下鉄東西線のマスコット。
m.aizu-railway.maunchan,mascot,マウンちゃん,,Maun-chan,aizu-railway,,,,active,,,,,,,,Aizu Railway's mascot.,会津鉄道のマスコット。
m.watarase-keikokutetsudo.wasshii,mascot,わっしー,,Wasshī,watarase-keikokutetsudo,,,,active,,,,,,,,"Watarase Keikoku Railway's mascot, わ鐵のわっしー.",わたらせ渓谷鐵道のマスコット「わ鐵のわっしー」。
m.chichibu.pareokun-parenachan,mascot,パレオくん・パレナちゃん,,Paleo-kun & Palena-chan,chichibu,,,,active,,,,,,,,"Chichibu Railway's mascots, from the SL Paleo Express.",秩父鉄道のマスコット。SLパレオエクスプレスにちなむ。
m.seibu.reirukun-sumairuchan,mascot,レイルくん・スマイルちゃん,,Rail-kun & Smile-chan,seibu,,,,active,,,,,,,,Seibu Railway's mascots.,西武鉄道のマスコット。
m.tobu.tobutchi,mascot,とぶっち,,Tobucchi,tobu,,,,active,,,,,とぶっち,Q11273334,,Tobu Railway's mascot.,東武鉄道のマスコット。
m.toyo-rapid.mannachan,mascot,マンナちゃん,,Manna-chan,toyo-rapid,,,,active,,,,,,,,Tōyō Rapid Railway's manners mascot.,東葉高速鉄道のマナーキャラクター。
m.chiba-monorail.monochan,mascot,モノちゃん,,Mono-chan,chiba-monorail,,,,active,,,,,,,,Chiba Urban Monorail's mascot.,千葉都市モノレールのマスコット。
m.keisei.shinchan-keichan,mascot,しんちゃん・けいちゃん,,Shin-chan & Kei-chan,keisei,matsudo,,,retired,,,,,,,,"Mascots of Shin-Keisei, now the Keisei Matsudo Line.",新京成電鉄（現・京成松戸線）のマスコット。
m.keisei.keiseipanda,mascot,京成パンダ,,Keisei Panda,keisei,,,,active,,,,,京成パンダ,Q11374381,,"Keisei group's panda, from the Keisei Card.",京成グループのパンダ。京成カードのキャラクター。
m.tokyo-metro.maakyurii,mascot,マーキュリー,,Mercury,tokyo-metro,,,,retired,,,,,マーキュリー (帝都高速度交通営団),Q11341677,,"Mascot of Eidan, the Teito Rapid Transit Authority, before Tokyo Metro.",東京メトロの前身・営団地下鉄のマスコット。
m.tokyo-metro.metopon,mascot,メトポン,,Metopon,tokyo-metro,,,,active,,,,,,,,"Tokyo Metro's mascot (before it, Metoron).",東京メトロのマスコット（前任はメトロン）。
m.toei.toaran,mascot,とあらん,,Toaran,toei,toden-arakawa,,,active,,,,,,,,Mascot of the Toden Arakawa Line.,都電荒川線のマスコット。
m.tsukuba-express.supiifi,mascot,スピーフィ,,Speefy,tsukuba-express,,,,active,,,,,,,,Tsukuba Express's mascot.,つくばエクスプレスのマスコット。
m.keio.keifutokun-nikochan-shingokun,mascot,けい太くん・にこちゃん・しんごくん,,"Keita-kun, Niko-chan & Shingo-kun",keio,,,,active,,,,,,,,Keio's mascots; Keio's trains since the 6000 series have characters too.,京王電鉄のマスコット。6000系以降の車両にもキャラクターがいる。
m.odakyu.mokoron,mascot,もころん,,Mocoron,odakyu,,,,active,,,,,,,,Odakyu's mascot.,小田急電鉄のマスコット。
m.tokyu.norurun,mascot,のるるん,,Nорурун,tokyu,,,,active,,,,,のるるん,Q17229724,,Tokyu's mascot.,東急電鉄のマスコット。
m.keikyu.keikyuu-doremitan,mascot,けいきゅう♪ドレミたん,,Keikyu Doremi-tan,keikyu,,,,active,,,,,けいきゅう♪ドレミたん,,,"Keikyu's mascot, after the ""doremi"" sound of its old Siemens-inverter trains.",京急のマスコット。ドレミファインバータの音にちなむ。
m.keikyu.keikyun,mascot,けいきゅん,,Keikyun,keikyu,,,,active,,,,,,,,Keikyu's mascot.,京急電鉄のマスコット。
m.tokyo-monorail.monorun,mascot,モノルン,,Monorun,tokyo-monorail,,,,active,,,,,,,,Tokyo Monorail's mascot.,東京モノレールのマスコット。
m.yurikamome.yurimo,mascot,ゆりも,,Yurimo,yurikamome,,,,active,,,,,,,,Yurikamome's mascot.,ゆりかもめのマスコット。
m.twr.rinkaru,mascot,りんかる,,Rinkaru,twr,,,,active,,,,,,,,"Rinkai Line's mascot, chosen by public vote for its 10th anniversary.",りんかい線のマスコット。10周年の公募で決まった。
m.yokohama-subway.hamarin,mascot,はまりん,,Hamarin,yokohama-subway,,,,active,,,,,はまりん,Q17220643,,Yokohama Municipal Subway's (and buses') mascot.,横浜市交通局（地下鉄・バス）のマスコット。
m.minatomirai.emuemusan,mascot,えむえむさん,,MM-san,minatomirai,,,,active,,,,,,,,Minatomirai Line's mascot.,みなとみらい線のマスコット。
m.sotetsu.sounyan,mascot,そうにゃん,,Sōnyan,sotetsu,,,,active,,,,,相模鉄道,,,Sōtetsu's cat mascot.,相鉄の猫のマスコット。
m.enoden.enonkun,mascot,えのんくん,,Enon-kun,enoden,,,,active,,,,,,,,Enoden's mascot; big brother of Randen's Aran-chan.,江ノ電のマスコット。嵐電のあらんちゃんの兄。
m.shonan-monorail.shomotan,mascot,しょもたん,,Shomotan,shonan-monorail,,,,active,,,,,しょもたん,Q18337079,,Shōnan Monorail's mascot.,湘南モノレールのマスコット。
m.arupiko-kotsu.fuchihigashinagisa,mascot,渕東なぎさ,,Endō Nagisa,arupiko-kotsu,kamikochi,,,active,,,,,渕東なぎさ,Q28682308,,"Alpico Kamikōchi Line's character, named after Fuchitō and Nagisa stations.",アルピコ交通上高地線のキャラクター。渕東駅と渚駅から。
m.hokuetsu-kyuko.hokkun,mascot,ホックン,,Hokkun,hokuetsu-kyuko,,,,active,,,,,,,,Hokuetsu Express's mascot.,北越急行のマスコット。
m.aino-kaze-toyama-tetsudo.ainojo,mascot,あいの助,,Ainosuke,aino-kaze-toyama-tetsudo,,,,active,,,,,あいの助,,,Ainokaze Toyama Railway's mascot.,あいの風とやま鉄道のマスコット。
m.kurobekyokokutetsudo.kurobee-denchaa,mascot,くろべえ＆でんちゃー,,Kurobē & Denchā,kurobekyokokutetsudo,,,,active,,,,,,,,Kurobe Gorge Railway's mascots.,黒部峡谷鉄道のマスコット。
m.toyamachihotetsudo.toreneko,mascot,とれねこ,,Toreneko,toyamachihotetsudo,toyamako,,,active,,,,,,,,"Seven cats, one for each of the Toyama Kō Line's trams (ex-Portram).",富山港線（旧ポートラム）の7編成それぞれの猫。
m.enshutetsudo.akadenjaa,mascot,あかでんジャー,,Akadenjā,enshutetsudo,,,,active,,,,,,,,Enshū Railway's mascot.,遠州鉄道のマスコット。
m.nagoyashi.hatchii,mascot,ハッチー,,Hatchī,nagoyashi,,,,active,,,,,ハッチー,,,Nagoya Municipal Subway's (and buses') mascot.,名古屋市交通局（地下鉄・バス）のマスコット。
m.aichikanjotetsudo.arurukun,mascot,あるるくん,,Aruru-kun,aichikanjotetsudo,,,,active,,,,,,,,Aichi Loop Railway's mascot.,愛知環状鉄道のマスコット。
m.kyotoshi.miyakokun,mascot,都くん,,Miyako-kun,kyotoshi,,,,active,,,,,,,,Kyoto Municipal Subway's mascot.,京都市営地下鉄のマスコット。
m.keifuku-denkitetsudo.aranchan,mascot,あらんちゃん,,Aran-chan,keifuku-denkitetsudo,,,,active,,,,,,,,"Randen's mascot; little sister of Enoden's Enon-kun, a sister railway.",嵐電のマスコット。姉妹提携する江ノ電のえのんくんの妹。
m.jr-west.kansenjaa,mascot,カンセンジャー,,Kansenjā,jr-west,sanyo-shinkansen,,,active,,,,,カンセンジャー,Q11295442,,The San'yō Shinkansen's superhero.,山陽新幹線のヒーロー。
m.osakashi-kosoku-denki-kido.chikapapa,mascot,チカパパ,,Chika Papa,osakashi-kosoku-denki-kido,,,,retired,,,,,レインボーファミリー,,,"Osaka Subway's mascot in the Rainbow Family, from the city transport bureau days.",大阪市交通局時代の「レインボーファミリー」の地下鉄担当。
m.osakashi-kosoku-denki-kido.toramukun,mascot,トラムクン,,Tram-kun,osakashi-kosoku-denki-kido,nanko-port-town,,,retired,,,,,レインボーファミリー,,,The New Tram's mascot in the Rainbow Family.,「レインボーファミリー」のニュートラム担当。
m.osakashi-kosoku-denki-kido.nyanbarou,mascot,にゃんばろう,,Nyanbarō,osakashi-kosoku-denki-kido,,,,active,,,,,にゃんばろう,,,"Osaka's subway cat, retired and then brought back by Osaka Metro.",大阪の地下鉄の猫。引退後、大阪メトロで復帰。
m.kitaosakakyuko-dentetsu.hoppii-suppii,mascot,ホッピー・スッピー,,Hoppī & Suppī,kitaosakakyuko-dentetsu,,,,active,,,,,,,,Kita-Osaka Kyūkō's mascots.,北大阪急行のマスコット。
m.nankai.oosugiaita,mascot,大杉愛多,,Ōsugi Aita,nankai,,,,active,,,,,,,,Nankai's character.,南海電鉄のキャラクター。
m.wakayama-dentetsu.suupaaekichoutama,mascot,スーパー駅長たま,,Super Stationmaster Tama,wakayama-dentetsu,,,,active,,,,,たま (猫の駅長),,,"The drawn Tama, after the real cat stationmaster of Kishi; the Ryōbi group's mascot.",貴志駅の猫の駅長たまのキャラクター。両備グループの顔。
m.kobeshi.yuuchan,mascot,ゆうちゃん,,Yū-chan,kobeshi,,,,active,,,,,,,,Kobe Municipal Subway's mascot.,神戸市営地下鉄のマスコット。
m.sanyo-denkitetsudo.rokkun,mascot,ろっくん,,Rokkun,sanyo-denkitetsudo,,,,active,,,,,,,,Sanyo Electric Railway's mascot.,山陽電気鉄道のマスコット。
m.chizu-kyuko.suupaahakutokun,mascot,スーパーはくとくん,,Super Hakuto-kun,chizu-kyuko,,,,active,,,,,,,,"Chizu Express's mascot, after the Super Hakuto.",智頭急行のマスコット。スーパーはくとから。
m.ihara-tetsudo.itchan,mascot,いっちゃん,,Icchan,ihara-tetsudo,,,,active,,,,,,,,Ibara Railway's mascot.,井原鉄道のマスコット。
m.jr-west.yakkun-momochan,mascot,やっくん＆ももちゃん,,Yakkun & Momo-chan,jr-west,hakubi,,273,active,,,,,,,,Mascots of the Yakumo limited express and its 273 series.,特急やくも・273系のマスコット。
m.takamatsu-kotohira-denkitetsudo.kotochan-kotomichan,mascot,ことちゃん・ことみちゃん,,Koto-chan & Kotomi-chan,takamatsu-kotohira-denkitetsudo,,,,active,,,,,,Q28690746,,"Kotoden's mascots, also on its IruCa card.",ことでんのマスコット。IruCaにも。
m.tosa-kuroshio-tetsudo.saniikun-sankochan,mascot,サニーくん・サンコちゃん,,Sunny-kun & Sanko-chan,tosa-kuroshio-tetsudo,nakamura sukumo,,,active,,,,,,,,Mascots of the Nakamura and Sukumo lines.,中村線・宿毛線のマスコット。
m.tosaden-kotsu.gomenkun-i-nochan,mascot,ごめんくん・い〜のちゃん,,Gomen-kun & Īno-chan,tosaden-kotsu,,,,active,,,,,,,,Tosaden's mascots.,とさでん交通のマスコット。
m.fukuokashi.chikamaru,mascot,ちかまる,,Chikamaru,fukuokashi,,,,active,,,,,ちかまる,Q11271699,,"Fukuoka City Subway's mascot, also on the Hayakaken card.",福岡市地下鉄のマスコット。はやかけんにも。
m.nishinihon-tetsudo.gatankotogotonko,mascot,ガタンコとゴトンコ,,Gatanko & Gotonko,nishinihon-tetsudo,,,,active,,,,,,,,Nishitetsu trains' mascots.,西鉄電車のマスコット。
m.heiseichikuhotetsudo.chikumaru,mascot,ちくまる,,Chikumaru,heiseichikuhotetsudo,,,,active,,,,,,,,Heisei Chikuhō Railway's mascot.,平成筑豊鉄道のマスコット。
m.amagi-tetsudo.rebittokun,mascot,レビット君,,Rebitto-kun,amagi-tetsudo,,,,active,,,,,,,,Amagi Railway's mascot.,甘木鉄道のマスコット。
m.nagasakidenkikido.naganyan,mascot,ながにゃん,,Naganyan,nagasakidenkikido,,,,active,,,,,,,,Nagasaki tram's cat mascot.,長崎電気軌道の猫のマスコット。
m.kumamoto-denkitetsudo.aimii,mascot,アイミー,,Aimī,kumamoto-denkitetsudo,,,,active,,,,,,,,Kumamoto Electric Railway's mascot.,熊本電気鉄道のマスコット。
m.hisatsu-orenji-tetsudo.orenjiizu,mascot,おれんじーず,,Orenjīzu,hisatsu-orenji-tetsudo,,,,active,,,,,,,,Hisatsu Orange Railway's mascots.,肥薩おれんじ鉄道のマスコット。
m.jr-kyushu.nitchii,mascot,ニッチー,,Nicchī,jr-kyushu,nichinan,,,active,,,,,,,,Mascot promoting the JR Nichinan Line.,JR日南線の利用促進キャラクター。
m.kako-shima-shi.basudenkamen,mascot,バスでん仮面,,Basuden Kamen,kako-shima-shi,,,,active,,,,,,,,"Kagoshima City Transportation's masked hero, trams and buses.",鹿児島市交通局（市電・バス）の仮面ヒーロー。
m.okinawa-toshi-monoreeru.yuppii,mascot,ゆっぴー,,Yuppī,okinawa-toshi-monoreeru,,,,active,,,,,,,,Yui Rail's mascot.,ゆいレールのマスコット。
m.jr-west.uerumo,mascot,ウェルモ,,Welmo,jr-west,hokuriku-shinkansen,,,active,,,,,,,,Mascot of Jōetsumyōkō station on the Hokuriku Shinkansen.,北陸新幹線上越妙高駅のマスコット。
latch.toukyou,idol,東海林鈴音,しょうじりおん,,jr-east,yamanote,東京,,active,,,,Aither,STATION IDOL LATCH!,Q113159243,https://latch.jp/,"{station} station's LATCH! idol, in the unit Aither. Station staff by day, idols after their shift.",東京駅員のLATCH!。ユニット「Aither」。駅員の業務後にアイドルとして活動する。
latch.shinjuku,idol,神堂唯姫,しんどうゆき,,jr-east,yamanote,新宿,,active,,,,Aither,STATION IDOL LATCH!,Q113159243,https://latch.jp/,"{station} station's LATCH! idol, in the unit Aither. Station staff by day, idols after their shift.",新宿駅員のLATCH!。ユニット「Aither」。駅員の業務後にアイドルとして活動する。
latch.ikebukuro,idol,青葉梟光加人,あおばずくみかど,,jr-east,yamanote,池袋,,active,,,,Aither,STATION IDOL LATCH!,Q113159243,https://latch.jp/,"{station} station's LATCH! idol, in the unit Aither. Station staff by day, idols after their shift.",池袋駅員のLATCH!。ユニット「Aither」。駅員の業務後にアイドルとして活動する。
latch.ootsuka,idol,空蝉塁,うつせみるい,,jr-east,yamanote,大塚,,active,,,,EQUATIONS,STATION IDOL LATCH!,Q113159243,https://latch.jp/,"{station} station's LATCH! idol, in the unit EQUATIONS. Station staff by day, idols after their shift.",大塚駅員のLATCH!。ユニット「EQUATIONS」。駅員の業務後にアイドルとして活動する。
latch.nishinippori,idol,諏訪海晴,すわみはる,,jr-east,yamanote,西日暮里,,active,,,,EQUATIONS,STATION IDOL LATCH!,Q113159243,https://latch.jp/,"{station} station's LATCH! idol, in the unit EQUATIONS. Station staff by day, idols after their shift.",西日暮里駅員のLATCH!。ユニット「EQUATIONS」。駅員の業務後にアイドルとして活動する。
latch.takadanobaba,idol,武庸裕哉,たけつねゆうや,,jr-east,yamanote,高田馬場,,active,,,,EQUATIONS,STATION IDOL LATCH!,Q113159243,https://latch.jp/,"{station} station's LATCH! idol, in the unit EQUATIONS. Station staff by day, idols after their shift.",高田馬場駅員のLATCH!。ユニット「EQUATIONS」。駅員の業務後にアイドルとして活動する。
latch.shinbashi,idol,烏鷹鉄路,うだかてつみち,,jr-east,yamanote,新橋,,active,,,,鉄晴隊,STATION IDOL LATCH!,Q113159243,https://latch.jp/,"{station} station's LATCH! idol, in the unit 鉄晴隊. Station staff by day, idols after their shift.",新橋駅員のLATCH!。ユニット「鉄晴隊」。駅員の業務後にアイドルとして活動する。
latch.hamamatsuchou,idol,湊航琉,みなとわたる,,jr-east,yamanote,浜松町,,active,,,,鉄晴隊,STATION IDOL LATCH!,Q113159243,https://latch.jp/,"{station} station's LATCH! idol, in the unit 鉄晴隊. Station staff by day, idols after their shift.",浜松町駅員のLATCH!。ユニット「鉄晴隊」。駅員の業務後にアイドルとして活動する。
latch.tabata,idol,北颯,きたはやて,,jr-east,yamanote,田端,,active,,,,鉄晴隊,STATION IDOL LATCH!,Q113159243,https://latch.jp/,"{station} station's LATCH! idol, in the unit 鉄晴隊. Station staff by day, idols after their shift.",田端駅員のLATCH!。ユニット「鉄晴隊」。駅員の業務後にアイドルとして活動する。
latch.shinagawa,idol,一条肇,いちじょうはじめ,,jr-east,yamanote,品川,,active,,,,Magnificent,STATION IDOL LATCH!,Q113159243,https://latch.jp/,"{station} station's LATCH! idol, in the unit Magnificent. Station staff by day, idols after their shift.",品川駅員のLATCH!。ユニット「Magnificent」。駅員の業務後にアイドルとして活動する。
latch.yuurakuchou,idol,小鳥遊悠吏,たかなしゆうり,,jr-east,yamanote,有楽町,,active,,,,Magnificent,STATION IDOL LATCH!,Q113159243,https://latch.jp/,"{station} station's LATCH! idol, in the unit Magnificent. Station staff by day, idols after their shift.",有楽町駅員のLATCH!。ユニット「Magnificent」。駅員の業務後にアイドルとして活動する。
latch.nippori,idol,戸成綾,となりりょう,,jr-east,yamanote,日暮里,,active,,,,NØ Crew,STATION IDOL LATCH!,Q113159243,https://latch.jp/,"{station} station's LATCH! idol, in the unit NØ Crew. Station staff by day, idols after their shift.",日暮里駅員のLATCH!。ユニット「NØ Crew」。駅員の業務後にアイドルとして活動する。
latch.okachimachi,idol,高良摩利央,たからまりお,,jr-east,yamanote,御徒町,,active,,,,NØ Crew,STATION IDOL LATCH!,Q113159243,https://latch.jp/,"{station} station's LATCH! idol, in the unit NØ Crew. Station staff by day, idols after their shift.",御徒町駅員のLATCH!。ユニット「NØ Crew」。駅員の業務後にアイドルとして活動する。
latch.komagome,idol,英皐月,はなぶささつき,,jr-east,yamanote,駒込,,active,,,,花ゑみ,STATION IDOL LATCH!,Q113159243,https://latch.jp/,"{station} station's LATCH! idol, in the unit 花ゑみ. Station staff by day, idols after their shift.",駒込駅員のLATCH!。ユニット「花ゑみ」。駅員の業務後にアイドルとして活動する。
latch.sugamo,idol,高岩大智,たかいわだいち,,jr-east,yamanote,巣鴨,,active,,,,花ゑみ,STATION IDOL LATCH!,Q113159243,https://latch.jp/,"{station} station's LATCH! idol, in the unit 花ゑみ. Station staff by day, idols after their shift.",巣鴨駅員のLATCH!。ユニット「花ゑみ」。駅員の業務後にアイドルとして活動する。
latch.takanawageetouei,idol,和泉オーキッド亜恋,いずみオーキッドあれん,,jr-east,yamanote,高輪ゲートウェイ,,active,,,,花ゑみ,STATION IDOL LATCH!,Q113159243,https://latch.jp/,"{station} station's LATCH! idol, in the unit 花ゑみ. Station staff by day, idols after their shift.",高輪ゲートウェイ駅員のLATCH!。ユニット「花ゑみ」。駅員の業務後にアイドルとして活動する。
latch.ebisu,idol,饗庭紡麦,あえばつむぎ,,jr-east,yamanote,恵比寿,,active,,,,Che bello!,STATION IDOL LATCH!,Q113159243,https://latch.jp/,"{station} station's LATCH! idol, in the unit Che bello!. Station staff by day, idols after their shift.",恵比寿駅員のLATCH!。ユニット「Che bello!」。駅員の業務後にアイドルとして活動する。
latch.gotanda,idol,伍代晃,ごだいあきら,,jr-east,yamanote,五反田,,active,,,,Che bello!,STATION IDOL LATCH!,Q113159243,https://latch.jp/,"{station} station's LATCH! idol, in the unit Che bello!. Station staff by day, idols after their shift.",五反田駅員のLATCH!。ユニット「Che bello!」。駅員の業務後にアイドルとして活動する。
latch.tamachi,idol,羽振寿里,はぶりとしさと,,jr-east,yamanote,田町,,active,,,,Che bello!,STATION IDOL LATCH!,Q113159243,https://latch.jp/,"{station} station's LATCH! idol, in the unit Che bello!. Station staff by day, idols after their shift.",田町駅員のLATCH!。ユニット「Che bello!」。駅員の業務後にアイドルとして活動する。
latch.oosaki,idol,大崎新市,おおさきしんいち,,jr-east,yamanote,大崎,,active,,,,Che bello!,STATION IDOL LATCH!,Q113159243,https://latch.jp/,"{station} station's LATCH! idol, in the unit Che bello!. Station staff by day, idols after their shift.",大崎駅員のLATCH!。ユニット「Che bello!」。駅員の業務後にアイドルとして活動する。
latch.shibuya,idol,蜂谷恒星,はちやこうせい,,jr-east,yamanote,渋谷,,active,,,,3on☆star,STATION IDOL LATCH!,Q113159243,https://latch.jp/,"{station} station's LATCH! idol, in the unit 3on☆star. Station staff by day, idols after their shift.",渋谷駅員のLATCH!。ユニット「3on☆star」。駅員の業務後にアイドルとして活動する。
latch.harajuku,idol,竹下宮斗,たけしたきゅうと,,jr-east,yamanote,原宿,,active,,,,3on☆star,STATION IDOL LATCH!,Q113159243,https://latch.jp/,"{station} station's LATCH! idol, in the unit 3on☆star. Station staff by day, idols after their shift.",原宿駅員のLATCH!。ユニット「3on☆star」。駅員の業務後にアイドルとして活動する。
latch.yoyogi,idol,樅野葵,もみのあおい,,jr-east,yamanote,代々木,,active,,,,3on☆star,STATION IDOL LATCH!,Q113159243,https://latch.jp/,"{station} station's LATCH! idol, in the unit 3on☆star. Station staff by day, idols after their shift.",代々木駅員のLATCH!。ユニット「3on☆star」。駅員の業務後にアイドルとして活動する。
latch.shin-ookubo,idol,百瀬志生,ももせしお,,jr-east,yamanote,新大久保,,active,,,,eS,STATION IDOL LATCH!,Q113159243,https://latch.jp/,"{station} station's LATCH! idol, in the unit eS. Station staff by day, idols after their shift.",新大久保駅員のLATCH!。ユニット「eS」。駅員の業務後にアイドルとして活動する。
latch.meguro,idol,不動雅,ふどうみやび,,jr-east,yamanote,目黒,,active,,,,tenet,STATION IDOL LATCH!,Q113159243,https://latch.jp/,"{station} station's LATCH! idol, in the unit tenet. Station staff by day, idols after their shift.",目黒駅員のLATCH!。ユニット「tenet」。駅員の業務後にアイドルとして活動する。
latch.mejiro,idol,綜馬礼,そうまれい,,jr-east,yamanote,目白,,active,,,,tenet,STATION IDOL LATCH!,Q113159243,https://latch.jp/,"{station} station's LATCH! idol, in the unit tenet. Station staff by day, idols after their shift.",目白駅員のLATCH!。ユニット「tenet」。駅員の業務後にアイドルとして活動する。
latch.ueno,idol,飴屋楊,あめやよう,,jr-east,yamanote,上野,,active,,,,a/maze,STATION IDOL LATCH!,Q113159243,https://latch.jp/,"{station} station's LATCH! idol, in the unit a/maze. Station staff by day, idols after their shift.",上野駅員のLATCH!。ユニット「a/maze」。駅員の業務後にアイドルとして活動する。
latch.uguisudani,idol,根岸優歌,ねぎしゆうた,,jr-east,yamanote,鶯谷,,active,,,,a/maze,STATION IDOL LATCH!,Q113159243,https://latch.jp/,"{station} station's LATCH! idol, in the unit a/maze. Station staff by day, idols after their shift.",鶯谷駅員のLATCH!。ユニット「a/maze」。駅員の業務後にアイドルとして活動する。
latch.kanda,idol,咖山喱人,かやまりひと,,jr-east,yamanote,神田,,active,,,,人生,STATION IDOL LATCH!,Q113159243,https://latch.jp/,"{station} station's LATCH! idol, in the unit 人生. Station staff by day, idols after their shift.",神田駅員のLATCH!。ユニット「人生」。駅員の業務後にアイドルとして活動する。
latch.akihabara,idol,雷電遊生,らいでんゆうせい,,jr-east,yamanote,秋葉原,,active,,,,人生,STATION IDOL LATCH!,Q113159243,https://latch.jp/,"{station} station's LATCH! idol, in the unit 人生. Station staff by day, idols after their shift.",秋葉原駅員のLATCH!。ユニット「人生」。駅員の業務後にアイドルとして活動する。
asa.gomen,station-character,ごめん えきお君,,,tosa-kuroshio-tetsudo,asa,後免,,active,,,,,土佐くろしお鉄道ごめん・なはり線,,,"{station} station's character, drawn by Yanase Takashi, the creator of Anpanman.",後免駅のキャラクター。アンパンマンの作者やなせたかしのデザイン。モチーフは駅員。
asa.gomenmachi,station-character,ごめん まちこさん,,,tosa-kuroshio-tetsudo,asa,後免町,,active,,,,,土佐くろしお鉄道ごめん・なはり線,,,"{station} station's character, drawn by Yanase Takashi, the creator of Anpanman.",後免町駅のキャラクター。アンパンマンの作者やなせたかしのデザイン。モチーフは都会風の身なり。
asa.tatsuta,station-character,たてだ そらこちゃん,,,tosa-kuroshio-tetsudo,asa,立田,,active,,,,,土佐くろしお鉄道ごめん・なはり線,,,"{station} station's character, drawn by Yanase Takashi, the creator of Anpanman.",立田駅のキャラクター。アンパンマンの作者やなせたかしのデザイン。モチーフは客室乗務員。
asa.noichi,station-character,のいちんどんまん,,,tosa-kuroshio-tetsudo,asa,のいち,,active,,,,,土佐くろしお鉄道ごめん・なはり線,,,"{station} station's character, drawn by Yanase Takashi, the creator of Anpanman.",のいち駅のキャラクター。アンパンマンの作者やなせたかしのデザイン。モチーフはピエロ風。
asa.yoshikawa,station-character,よしかわ うなお君,,,tosa-kuroshio-tetsudo,asa,よしかわ,,active,,,,,土佐くろしお鉄道ごめん・なはり線,,,"{station} station's character, drawn by Yanase Takashi, the creator of Anpanman.",よしかわ駅のキャラクター。アンパンマンの作者やなせたかしのデザイン。モチーフはウナギ。
asa.akaoka,station-character,あかおか えきんさん,,,tosa-kuroshio-tetsudo,asa,あかおか,,active,,,,,土佐くろしお鉄道ごめん・なはり線,,,"{station} station's character, drawn by Yanase Takashi, the creator of Anpanman.",あかおか駅のキャラクター。アンパンマンの作者やなせたかしのデザイン。モチーフは弘瀬金蔵。
asa.kagami,station-character,かがみ みかんちゃん,,,tosa-kuroshio-tetsudo,asa,香我美,,active,,,,,土佐くろしお鉄道ごめん・なはり線,,,"{station} station's character, drawn by Yanase Takashi, the creator of Anpanman.",香我美駅のキャラクター。アンパンマンの作者やなせたかしのデザイン。モチーフは山北みかん。
asa.yasu,station-character,やす にんぎょちゃん,,,tosa-kuroshio-tetsudo,asa,夜須,,active,,,,,土佐くろしお鉄道ごめん・なはり線,,,"{station} station's character, drawn by Yanase Takashi, the creator of Anpanman.",夜須駅のキャラクター。アンパンマンの作者やなせたかしのデザイン。モチーフは人魚。
asa.nishibun,station-character,にしぶん つきこちゃん,,,tosa-kuroshio-tetsudo,asa,西分,,active,,,,,土佐くろしお鉄道ごめん・なはり線,,,"{station} station's character, drawn by Yanase Takashi, the creator of Anpanman.",西分駅のキャラクター。アンパンマンの作者やなせたかしのデザイン。モチーフは月。
asa.washoku,station-character,わじき カッパ君,,,tosa-kuroshio-tetsudo,asa,和食,,active,,,,,土佐くろしお鉄道ごめん・なはり線,,,"{station} station's character, drawn by Yanase Takashi, the creator of Anpanman.",和食駅のキャラクター。アンパンマンの作者やなせたかしのデザイン。モチーフはカッパ。
asa.akano,station-character,あかの カモメちゃん,,,tosa-kuroshio-tetsudo,asa,赤野,,active,,,,,土佐くろしお鉄道ごめん・なはり線,,,"{station} station's character, drawn by Yanase Takashi, the creator of Anpanman.",赤野駅のキャラクター。アンパンマンの作者やなせたかしのデザイン。モチーフはカモメ。
asa.ananai,station-character,あなない ナスビさん,,,tosa-kuroshio-tetsudo,asa,穴内,,active,,,,,土佐くろしお鉄道ごめん・なはり線,,,"{station} station's character, drawn by Yanase Takashi, the creator of Anpanman.",穴内駅のキャラクター。アンパンマンの作者やなせたかしのデザイン。モチーフはナス。
asa.kyuujoumae,station-character,球場 ボール君,,,tosa-kuroshio-tetsudo,asa,球場前,,active,,,,,土佐くろしお鉄道ごめん・なはり線,,,"{station} station's character, drawn by Yanase Takashi, the creator of Anpanman.",球場前駅のキャラクター。アンパンマンの作者やなせたかしのデザイン。モチーフは野球ボール。
asa.akisougoubyouinmae,station-character,あき ナースちゃん,,,tosa-kuroshio-tetsudo,asa,あき総合病院前,,active,,,,,土佐くろしお鉄道ごめん・なはり線,,,"{station} station's character, drawn by Yanase Takashi, the creator of Anpanman.",あき総合病院前駅のキャラクター。アンパンマンの作者やなせたかしのデザイン。モチーフは看護師。
asa.aki,station-character,あき うたこちゃん,,,tosa-kuroshio-tetsudo,asa,安芸,,active,,,,,土佐くろしお鉄道ごめん・なはり線,,,"{station} station's character, drawn by Yanase Takashi, the creator of Anpanman.",安芸駅のキャラクター。アンパンマンの作者やなせたかしのデザイン。モチーフは弘田龍太郎。
asa.ioki,station-character,いおき トラオ君,,,tosa-kuroshio-tetsudo,asa,伊尾木,,active,,,,,土佐くろしお鉄道ごめん・なはり線,,,"{station} station's character, drawn by Yanase Takashi, the creator of Anpanman.",伊尾木駅のキャラクター。アンパンマンの作者やなせたかしのデザイン。モチーフは車寅次郎。
asa.gezan,station-character,しもやま ちどりちゃん,,,tosa-kuroshio-tetsudo,asa,下山,,active,,,,,土佐くろしお鉄道ごめん・なはり線,,,"{station} station's character, drawn by Yanase Takashi, the creator of Anpanman.",下山駅のキャラクター。アンパンマンの作者やなせたかしのデザイン。モチーフは「浜千鳥」の曲碑。
asa.touhama,station-character,とうのはま へんろ君,,,tosa-kuroshio-tetsudo,asa,唐浜,,active,,,,,土佐くろしお鉄道ごめん・なはり線,,,"{station} station's character, drawn by Yanase Takashi, the creator of Anpanman.",唐浜駅のキャラクター。アンパンマンの作者やなせたかしのデザイン。モチーフはお遍路さん。
asa.yasuda,station-character,やすだ アユ君,,,tosa-kuroshio-tetsudo,asa,安田,,active,,,,,土佐くろしお鉄道ごめん・なはり線,,,"{station} station's character, drawn by Yanase Takashi, the creator of Anpanman.",安田駅のキャラクター。アンパンマンの作者やなせたかしのデザイン。モチーフはアユ。
asa.tano,station-character,田野 いしん君,,,tosa-kuroshio-tetsudo,asa,田野,,active,,,,,土佐くろしお鉄道ごめん・なはり線,,,"{station} station's character, drawn by Yanase Takashi, the creator of Anpanman.",田野駅のキャラクター。アンパンマンの作者やなせたかしのデザイン。モチーフは野根山二十三士。
asa.nahari,station-character,なは りこちゃん,,,tosa-kuroshio-tetsudo,asa,奈半利,,active,,,,,土佐くろしお鉄道ごめん・なはり線,,,"{station} station's character, drawn by Yanase Takashi, the creator of Anpanman.",奈半利駅のキャラクター。アンパンマンの作者やなせたかしのデザイン。モチーフは駅員。
animal.jr-hokkaido.rara,animal,ララ,,Lala,jr-hokkaido,,新十津川,,retired,2017,2020,dog,,動物駅長,,,Met every train at Shin-Totsukawa until the station closed.,新十津川駅の廃止まで、到着列車を出迎えた。
animal.jr-hokkaido.haadi,animal,ハーディ,,Hardy,jr-hokkaido,,ニセコ,,active,2018,,dog,,動物駅長,,,Lives in the station café; JR Hokkaido gave him a stationmaster's cap.,駅舎内の喫茶店の犬。JR北海道から駅長帽を贈られた。
animal.jr-east.wasao,animal,わさお,,Wasao,jr-east,,鰺ケ沢,,in-memoriam,2011,2020,dog,,わさお,Q96176417,,"The famous fluffy Akita, JR East's tourism stationmaster at Ajigasawa.",ぶさかわいい秋田犬。鰺ケ沢駅の観光駅長。
animal.jr-east.yo,animal,誉,,Homare,jr-east,,大館,,active,2021,,dog,,動物駅長,,,Ōdate's third Akita-dog tourism stationmaster.,大館駅の3代目秋田犬観光駅長。
animal.aijiiaaru-iwate-gingatetsudo.makku,animal,マック,,Mac,aijiiaaru-iwate-gingatetsudo,,奥中山高原,,in-memoriam,2013,2017,dog,,動物駅長,,,"Trainee stationmaster, found by the owner of Maron, the station's first dog.",初代の犬駅長マロンの飼い主が見つけた駅長見習い。
animal.jr-east.shokora,animal,しょこら,,Chocola,jr-east,,羽前小松,,active,2019,,cat,,動物駅長,,,A stray who became Uzen-Komatsu's stationmaster.,迷い猫から羽前小松駅の駅長に。
animal.yamagata-tetsudo.motchii,animal,もっちぃ,,Mocchī,yamagata-tetsudo,,宮内,,in-memoriam,2010,2023,rabbit,,動物駅長,,,"Rabbit stationmaster, after the local three-rabbit legend and Shirousagi station.",地元の三羽のウサギ伝説と白兎駅にちなむウサギの駅長。
animal.aizu-railway.basu,animal,ばす,,Basu,aizu-railway,,芦ノ牧温泉,,in-memoriam,2008,2015,cat,,動物駅長,,,Honorary stationmaster of Ashinomaki-Onsen.,芦ノ牧温泉駅の名誉駅長。
animal.aizu-railway.rabu,animal,らぶ,,Love,aizu-railway,,芦ノ牧温泉,,in-memoriam,2015,2022,cat,,動物駅長,,,Took over from Basu as honorary stationmaster.,ばすから名誉駅長を引き継いだ。
animal.aizu-railway.sakura,animal,さくら,,Sakura,aizu-railway,,芦ノ牧温泉,,active,2021,,cat,,動物駅長,,,"Love's little sister, the station's attendant.",らぶの妹。アテンダント。
animal.jr-east.goro,animal,ゴロ,,Goro,jr-east,,白石蔵王,,active,2019,,fox,,動物駅長,,,Fox tourism stationmaster for Miyagi Zaō Fox Village.,宮城蔵王キツネ村のキツネの観光駅長。
animal.sanriku-tetsudo.ibonnu,animal,イボンヌ,,Yvonne,sanriku-tetsudo,,宮古,,active,2021,,goat,,動物駅長,,,Goat stationmaster from the farm whose milk goes into Sanriku's sweets train.,スイーツ列車のヤギミルクの牧場から来たヤギの駅長。
animal.hitachinaka-kaihin-tetsudo.osamu,animal,おさむ,,Osamu,hitachinaka-kaihin-tetsudo,,那珂湊,,in-memoriam,2009,2019,cat,,動物駅長,,,A stray who became Nakaminato's much-loved station cat.,野良猫から人気の駅猫に。
animal.hitachinaka-kaihin-tetsudo.minisamu,animal,ミニさむ,,Minisamu,hitachinaka-kaihin-tetsudo,,那珂湊,,active,2010,,cat,,動物駅長,,,"Nakaminato's station cat, like Osamu before her.",おさむに続く那珂湊駅の駅猫。
animal.saitama-railway.rabitama,animal,ラビたま,,Rabitama,saitama-railway,,浦和美園,,retired,2015,2021,rabbit,,動物駅長,,,Saitama Railway's first stationmaster of any kind: it had none before.,駅長制度のなかった埼玉高速鉄道の初の駅長。
animal.shinano-tetsudo.rooru,animal,ロール,,Roll,shinano-tetsudo,,牟礼,,retired,2016,2020,goat,,動物駅長,,,Goat stationmaster who kept the station grass down.,構内の草を食べるヤギの駅長。
animal.kintetsu.shimachan,animal,志摩ちゃん,,Shima-chan,kintetsu,,賢島,,retired,2009,2012,penguin,,動物駅長,,,Humboldt penguin stationmaster from Shima Marineland.,志摩マリンランドのフンボルトペンギンの駅長。
animal.nagaragawa-tetsudo.yukinojou,animal,雪之丞,,Yukinojō,nagaragawa-tetsudo,,美濃太田,,in-memoriam,2014,2021,dog,,動物駅長,,,Raised a paw to see off the sightseeing train.,前足を上げて観光列車の出発を合図した。
animal.aichi-kosoku-kotsu.koa,animal,コア,,Core,aichi-kosoku-kotsu,,,,active,2017,,dog,,動物駅長,,,"Linimo's stationmaster, also PR dog for the Japan Service Dog Association.",リニモ駅長。日本介助犬協会のPR犬と兼任。
animal.wakayama-dentetsu.tama,animal,たま,,Tama,wakayama-dentetsu,,貴志,,in-memoriam,2007,2015,cat,,たま (猫の駅長),Q1201902,,The super stationmaster who saved the Kishigawa Line; now its honorary eternal stationmaster.,貴志川線を救ったスーパー駅長。死後は名誉永久駅長。
animal.wakayama-dentetsu.nitama,animal,ニタマ,,Nitama,wakayama-dentetsu,,貴志,,in-memoriam,2012,2025,cat,,動物駅長,Q53216650,,"Tama II: stationmaster at Idakiso, then Kishi after Tama.",たまⅡ世駅長。伊太祈曽駅、たまの死後は貴志駅の駅長。
animal.wakayama-dentetsu.yontama,animal,よんたま,,Yontama,wakayama-dentetsu,,伊太祈曽,,active,2017,,cat,,動物駅長,,,"Stationmaster at Idakiso, standing in at Kishi.",伊太祈曽駅長、貴志駅長代行。
animal.jr-west.ryouma,animal,りょうま,,Ryōma,jr-west,,志和口,,in-memoriam,2010,2019,cat,,動物駅長,,,Shiwaguchi's cat stationmaster; the village made him a memorial hall.,志和口駅のネコ駅長。駅前に記念館がある。
animal.jr-shikoku.rise,animal,リセ,,Lise,jr-shikoku,,伊予上灘,,active,,,dog,,動物駅長,,,"Dog stationmaster who greets the Iyonada Monogatari, with two cats.",伊予灘ものがたりを出迎える犬駅長。2匹の猫と。
animal.asa-kaigan-tetsudo.iseebiekichou,animal,イセエビ駅長,,Spiny lobster stationmasters,asa-kaigan-tetsudo,,宍喰,,active,2010,,spiny lobster,,動物駅長,,,"Spiny lobsters in a tank marked 駅長室, shedding red shells to ""shed the red ink"".",「駅長室」の水槽のイセエビ。赤い殻を脱ぐ姿に「赤字脱却」の願い。
animal.jr-kyushu.kyuutarou,animal,九太郎,,Kutarō,jr-kyushu,,海ノ中道,,active,2010,,goat,,動物駅長,,,Tokara goat stationmaster; his letter of appointment was edible bread.,トカラヤギの駅長。任命書は食べられるパン。
animal.jr-kyushu.nyaa,animal,ニャー,,Nyā,jr-kyushu,,豊後竹田,,in-memoriam,2018,2021,cat,,動物駅長,,,Bungo-Taketa's cat stationmaster.,豊後竹田駅のネコ駅長。
animal.jr-kyushu.nyantarou,animal,にゃん太郎,,Nyantarō,jr-kyushu,,嘉例川,,in-memoriam,2016,2020,cat,,動物駅長,,,Kareigawa's tourism ambassador cat.,嘉例川駅の観光大使の猫。
animal.jr-kyushu.sanchan,animal,さんちゃん,,San-chan,jr-kyushu,,嘉例川,,active,2022,,cat,,動物駅長,,,Kareigawa's second tourism ambassador cat.,嘉例川駅の2代目観光大使の猫。
animal.jr-kyushu.kotarou,animal,小太郎,,Kotarō,jr-kyushu,,指宿,,active,2011,,tortoise,,動物駅長,,,Sulcata tortoise who sometimes sees off the Ibusuki no Tamatebako.,指宿のたまて箱を見送るケヅメリクガメ。
animal.shimabara-tetsudo.satchan,animal,さっちゃん,,Sacchan,shimabara-tetsudo,,島原,,active,2016,,carp,,動物駅長,,,"Carp special stationmaster, in a tank with goldfish assistants.",金魚の助役と水槽で暮らすコイの特別駅長。
shinkalion.shinkarion-e5hayabusa,shinkalion,シンカリオン E5はやぶさ,,Shinkalion E5 Hayabusa,,,,e5,active,,,,,新幹線変形ロボ シンカリオン,,https://www.shinkalion.com/,"Transforming robot from the anime Shinkalion, based on this train.",アニメ『シンカリオン』の、この車両から変形するロボット。
shinkalion.shinkarion-e6komachi,shinkalion,シンカリオン E6こまち,,Shinkalion E6 Komachi,,,,e6,active,,,,,新幹線変形ロボ シンカリオン,,https://www.shinkalion.com/,"Transforming robot from the anime Shinkalion, based on this train.",アニメ『シンカリオン』の、この車両から変形するロボット。
shinkalion.shinkarion-e7kagayaki,shinkalion,シンカリオン E7かがやき,,Shinkalion E7 Kagayaki,,,,e7,active,,,,,新幹線変形ロボ シンカリオン,,https://www.shinkalion.com/,"Transforming robot from the anime Shinkalion, based on this train.",アニメ『シンカリオン』の、この車両から変形するロボット。
shinkalion.shinkarion-e3tsubasa,shinkalion,シンカリオン E3つばさ,,Shinkalion E3 Tsubasa,,,,e3,active,,,,,新幹線変形ロボ シンカリオン,,https://www.shinkalion.com/,"Transforming robot from the anime Shinkalion, based on this train.",アニメ『シンカリオン』の、この車両から変形するロボット。
shinkalion.shinkarion-e3tsubasa-aian-uingu,shinkalion,シンカリオン E3つばさ アイアンウイング,,Shinkalion E3 Tsubasa Iron Wing,,,,e3,active,,,,,新幹線変形ロボ シンカリオン,,https://www.shinkalion.com/,"Transforming robot from the anime Shinkalion, based on this train.",アニメ『シンカリオン』の、この車両から変形するロボット。
shinkalion.shinkarion-n700anozomi,shinkalion,シンカリオン N700Aのぞみ,,Shinkalion N700A Nozomi,,,,n700,active,,,,,新幹線変形ロボ シンカリオン,,https://www.shinkalion.com/,"Transforming robot from the anime Shinkalion, based on this train.",アニメ『シンカリオン』の、この車両から変形するロボット。
shinkalion.shinkarion-h5hayabusa,shinkalion,シンカリオン H5はやぶさ,,Shinkalion H5 Hayabusa,,,,h5,active,,,,,新幹線変形ロボ シンカリオン,,https://www.shinkalion.com/,"Transforming robot from the anime Shinkalion, based on this train.",アニメ『シンカリオン』の、この車両から変形するロボット。
shinkalion.shinkarion-800tsubame,shinkalion,シンカリオン 800つばめ,,Shinkalion 800 Tsubame,,,,800,active,,,,,新幹線変形ロボ シンカリオン,,https://www.shinkalion.com/,"Transforming robot from the anime Shinkalion, based on this train.",アニメ『シンカリオン』の、この車両から変形するロボット。
shinkalion.shinkarion-923dokutaaieroo,shinkalion,シンカリオン 923ドクターイエロー,,Shinkalion 923 Doctor Yellow,,,,923,active,,,,,新幹線変形ロボ シンカリオン,,https://www.shinkalion.com/,"Transforming robot from the anime Shinkalion, based on this train.",アニメ『シンカリオン』の、この車両から変形するロボット。
shinkalion.shinkarion-alfa-x,shinkalion,シンカリオン ALFA-X,,Shinkalion ALFA-X,,,,e956,active,,,,,新幹線変形ロボ シンカリオン,,https://www.shinkalion.com/,"Transforming robot from the anime Shinkalion, based on this train.",アニメ『シンカリオン』の、この車両から変形するロボット。
shinkalion.shinkarion-700nozomi,shinkalion,シンカリオン 700のぞみ,,Shinkalion 700 Nozomi,,,,700,active,,,,,新幹線変形ロボ シンカリオン,,https://www.shinkalion.com/,"Transforming robot from the anime Shinkalion, based on this train.",アニメ『シンカリオン』の、この車両から変形するロボット。
shinkalion.shinkarion-700hikarireerusutaa,shinkalion,シンカリオン 700ひかりレールスター,,Shinkalion 700 Hikari Rail Star,,,,700,active,,,,,新幹線変形ロボ シンカリオン,,https://www.shinkalion.com/,"Transforming robot from the anime Shinkalion, based on this train.",アニメ『シンカリオン』の、この車両から変形するロボット。
shinkalion.shinkarion-n700mizuho,shinkalion,シンカリオン N700みずほ,,Shinkalion N700 Mizuho,,,,n700,active,,,,,新幹線変形ロボ シンカリオン,,https://www.shinkalion.com/,"Transforming robot from the anime Shinkalion, based on this train.",アニメ『シンカリオン』の、この車両から変形するロボット。
shinkalion.shinkarion-500kodama,shinkalion,シンカリオン 500こだま,,Shinkalion 500 Kodama,,,,500,active,,,,,新幹線変形ロボ シンカリオン,,https://www.shinkalion.com/,"Transforming robot from the anime Shinkalion, based on this train.",アニメ『シンカリオン』の、この車両から変形するロボット。
shinkalion.shinkarion-dokutaaieroo,shinkalion,シンカリオン ドクターイエロー,,Shinkalion Doctor Yellow,,,,923,active,,,,,新幹線変形ロボ シンカリオン,,https://www.shinkalion.com/,"Transforming robot from the anime Shinkalion, based on this train.",アニメ『シンカリオン』の、この車両から変形するロボット。
shinkalion.shinkarion-500-type-eva,shinkalion,シンカリオン 500 TYPE EVA,,Shinkalion 500 TYPE EVA,,,,500,active,,,,,新幹線変形ロボ シンカリオン,,https://www.shinkalion.com/,"Transforming robot from the anime Shinkalion, based on this train.",アニメ『シンカリオン』の、この車両から変形するロボット。
shinkalion.shinkarion-harookitei,shinkalion,シンカリオン ハローキティ,,Shinkalion Hello Kitty,,,,500,active,,,,,新幹線変形ロボ シンカリオン,,https://www.shinkalion.com/,"Transforming robot from the anime Shinkalion, based on this train.",アニメ『シンカリオン』の、この車両から変形するロボット。
shinkalion.shinkarion-e5hayabusa-mkii,shinkalion,シンカリオン E5はやぶさ MkII,,Shinkalion E5 Hayabusa MkII,,,,e5,active,,,,,新幹線変形ロボ シンカリオン,,https://www.shinkalion.com/,"Transforming robot from the anime Shinkalion, based on this train.",アニメ『シンカリオン』の、この車両から変形するロボット。
shinkalion.shinkarion-n700snozomi,shinkalion,シンカリオン N700Sのぞみ,,Shinkalion N700S Nozomi,,,,n700s,active,,,,,新幹線変形ロボ シンカリオン,,https://www.shinkalion.com/,"Transforming robot from the anime Shinkalion, based on this train.",アニメ『シンカリオン』の、この車両から変形するロボット。
shinkalion.shinkarionz-e5hayabusa,shinkalion,シンカリオンZ E5はやぶさ,,Shinkalion Z E5 Hayabusa,,,,e5,active,,,,,新幹線変形ロボ シンカリオン,,https://www.shinkalion.com/,"Transforming robot from the anime Shinkalion Z, based on this train.",アニメ『シンカリオンZ』の、この車両から変形するロボット。
shinkalion.shinkarionz-e6komachi,shinkalion,シンカリオンZ E6こまち,,Shinkalion Z E6 Komachi,,,,e6,active,,,,,新幹線変形ロボ シンカリオン,,https://www.shinkalion.com/,"Transforming robot from the anime Shinkalion Z, based on this train.",アニメ『シンカリオンZ』の、この車両から変形するロボット。
shinkalion.shinkarionz-e7kagayaki,shinkalion,シンカリオンZ E7かがやき,,Shinkalion Z E7 Kagayaki,,,,e7,active,,,,,新幹線変形ロボ シンカリオン,,https://www.shinkalion.com/,"Transforming robot from the anime Shinkalion Z, based on this train.",アニメ『シンカリオンZ』の、この車両から変形するロボット。
shinkalion.shinkarionz-800tsubame,shinkalion,シンカリオンZ 800つばめ,,Shinkalion Z 800 Tsubame,,,,800,active,,,,,新幹線変形ロボ シンカリオン,,https://www.shinkalion.com/,"Transforming robot from the anime Shinkalion Z, based on this train.",アニメ『シンカリオンZ』の、この車両から変形するロボット。
shinkalion.shinkarionz-n700snozomi,shinkalion,シンカリオンZ N700Sのぞみ,,Shinkalion Z N700S Nozomi,,,,n700s,active,,,,,新幹線変形ロボ シンカリオン,,https://www.shinkalion.com/,"Transforming robot from the anime Shinkalion Z, based on this train.",アニメ『シンカリオンZ』の、この車両から変形するロボット。
shinkalion.shinkarionz-500kodama,shinkalion,シンカリオンZ 500こだま,,Shinkalion Z 500 Kodama,,,,500,active,,,,,新幹線変形ロボ シンカリオン,,https://www.shinkalion.com/,"Transforming robot from the anime Shinkalion Z, based on this train.",アニメ『シンカリオンZ』の、この車両から変形するロボット。
shinkalion.shinkarionz-500-type-eva,shinkalion,シンカリオンZ 500 TYPE EVA,,Shinkalion Z 500 TYPE EVA,,,,500,active,,,,,新幹線変形ロボ シンカリオン,,https://www.shinkalion.com/,"Transforming robot from the anime Shinkalion Z, based on this train.",アニメ『シンカリオンZ』の、この車両から変形するロボット。
shinkalion.shinkarionz-h5hayabusa,shinkalion,シンカリオンZ H5はやぶさ,,Shinkalion Z H5 Hayabusa,,,,h5,active,,,,,新幹線変形ロボ シンカリオン,,https://www.shinkalion.com/,"Transforming robot from the anime Shinkalion Z, based on this train.",アニメ『シンカリオンZ』の、この車両から変形するロボット。
shinkalion.shinkarionz-n700skamome,shinkalion,シンカリオンZ N700Sかもめ,,Shinkalion Z N700S Kamome,,,,n700s,active,,,,,新幹線変形ロボ シンカリオン,,https://www.shinkalion.com/,"Transforming robot from the anime Shinkalion Z, based on this train.",アニメ『シンカリオンZ』の、この車両から変形するロボット。
shinkalion.shinkarionz-500-type-eva-02,shinkalion,シンカリオンZ 500 TYPE EVA-02,,Shinkalion Z 500 TYPE EVA-02,,,,500,active,,,,,新幹線変形ロボ シンカリオン,,https://www.shinkalion.com/,"Transforming robot from the anime Shinkalion Z, based on this train.",アニメ『シンカリオンZ』の、この車両から変形するロボット。
shinkalion.shinkarionz-dokutaaieroo,shinkalion,シンカリオンZ ドクターイエロー,,Shinkalion Z Doctor Yellow,,,,923,active,,,,,新幹線変形ロボ シンカリオン,,https://www.shinkalion.com/,"Transforming robot from the anime Shinkalion Z, based on this train.",アニメ『シンカリオンZ』の、この車両から変形するロボット。
shinkalion.shinkarionz-arufaekkusu,shinkalion,シンカリオンZ アルファエックス,,Shinkalion Z ALFA-X,,,,e956,active,,,,,新幹線変形ロボ シンカリオン,,https://www.shinkalion.com/,"Transforming robot from the anime Shinkalion Z, based on this train.",アニメ『シンカリオンZ』の、この車両から変形するロボット。
shinkalion.zairainaa-e235yamanote,shinkalion,ザイライナー E235ヤマノテ,,Zairiner E235 Yamanote,,,,e235,active,,,,,新幹線変形ロボ シンカリオン,,https://www.shinkalion.com/,Zairiner: a conventional-line train that becomes armour for Shinkalion Z.,シンカリオンZと合体する在来線の特殊武装車両。
shinkalion.zairainaa-e259nekkusu,shinkalion,ザイライナー E259ネックス,,Zairiner E259 N'EX,,,,e259,active,,,,,新幹線変形ロボ シンカリオン,,https://www.shinkalion.com/,Zairiner: a conventional-line train that becomes armour for Shinkalion Z.,シンカリオンZと合体する在来線の特殊武装車両。
shinkalion.zairainaa-e353azusa,shinkalion,ザイライナー E353アズサ,,Zairiner E353 Azusa,,,,e353,active,,,,,新幹線変形ロボ シンカリオン,,https://www.shinkalion.com/,Zairiner: a conventional-line train that becomes armour for Shinkalion Z.,シンカリオンZと合体する在来線の特殊武装車両。
shinkalion.zairainaa-883sonikku,shinkalion,ザイライナー 883ソニック,,Zairiner 883 Sonic,,,,883,active,,,,,新幹線変形ロボ シンカリオン,,https://www.shinkalion.com/,Zairiner: a conventional-line train that becomes armour for Shinkalion Z.,シンカリオンZと合体する在来線の特殊武装車両。
shinkalion.zairainaa-hc85hida,shinkalion,ザイライナー HC85ヒダ,,Zairiner HC85 Hida,,,,hc85,active,,,,,新幹線変形ロボ シンカリオン,,https://www.shinkalion.com/,Zairiner: a conventional-line train that becomes armour for Shinkalion Z.,シンカリオンZと合体する在来線の特殊武装車両。
shinkalion.zairainaa-323oosakakanjou,shinkalion,ザイライナー 323オオサカカンジョウ,,Zairiner 323 Ōsaka Kanjō,,,,323,active,,,,,新幹線変形ロボ シンカリオン,,https://www.shinkalion.com/,Zairiner: a conventional-line train that becomes armour for Shinkalion Z.,シンカリオンZと合体する在来線の特殊武装車両。
shinkalion.zairainaa-261hokuto,shinkalion,ザイライナー 261ホクト,,Zairiner 261 Hokuto,,,,261,active,,,,,新幹線変形ロボ シンカリオン,,https://www.shinkalion.com/,Zairiner: a conventional-line train that becomes armour for Shinkalion Z.,シンカリオンZと合体する在来線の特殊武装車両。
shinkalion.zairainaa-883sonikkunichirin,shinkalion,ザイライナー 883ソニックニチリン,,Zairiner 883 Sonic Nichirin,,,,883,active,,,,,新幹線変形ロボ シンカリオン,,https://www.shinkalion.com/,Zairiner: a conventional-line train that becomes armour for Shinkalion Z.,シンカリオンZと合体する在来線の特殊武装車両。
shinkalion.shinkarioncw-e5hayabusa,shinkalion,シンカリオンCW E5はやぶさ,,Shinkalion CW E5 Hayabusa,,,,e5,active,,,,,新幹線変形ロボ シンカリオン,,https://www.shinkalion.com/,"Transforming robot from the anime Shinkalion CW, based on this train.",アニメ『シンカリオンCW』の、この車両から変形するロボット。
shinkalion.shinkarioncw-e6komachi,shinkalion,シンカリオンCW E6こまち,,Shinkalion CW E6 Komachi,,,,e6,active,,,,,新幹線変形ロボ シンカリオン,,https://www.shinkalion.com/,"Transforming robot from the anime Shinkalion CW, based on this train.",アニメ『シンカリオンCW』の、この車両から変形するロボット。
shinkalion.shinkarioncw-e7kagayaki,shinkalion,シンカリオンCW E7かがやき,,Shinkalion CW E7 Kagayaki,,,,e7,active,,,,,新幹線変形ロボ シンカリオン,,https://www.shinkalion.com/,"Transforming robot from the anime Shinkalion CW, based on this train.",アニメ『シンカリオンCW』の、この車両から変形するロボット。
shinkalion.shinkarioncw-n700snozomi,shinkalion,シンカリオンCW N700Sのぞみ,,Shinkalion CW N700S Nozomi,,,,n700s,active,,,,,新幹線変形ロボ シンカリオン,,https://www.shinkalion.com/,"Transforming robot from the anime Shinkalion CW, based on this train.",アニメ『シンカリオンCW』の、この車両から変形するロボット。
shinkalion.shinkarioncw-h5hayabusa,shinkalion,シンカリオンCW H5はやぶさ,,Shinkalion CW H5 Hayabusa,,,,h5,active,,,,,新幹線変形ロボ シンカリオン,,https://www.shinkalion.com/,"Transforming robot from the anime Shinkalion CW, based on this train.",アニメ『シンカリオンCW』の、この車両から変形するロボット。
shinkalion.shinkarioncw-e8tsubasa,shinkalion,シンカリオンCW E8つばさ,,Shinkalion CW E8 Tsubasa,,,,e8,active,,,,,新幹線変形ロボ シンカリオン,,https://www.shinkalion.com/,"Transforming robot from the anime Shinkalion CW, based on this train.",アニメ『シンカリオンCW』の、この車両から変形するロボット。
shinkalion.shinkarioncw-n700skamome,shinkalion,シンカリオンCW N700Sかもめ,,Shinkalion CW N700S Kamome,,,,n700s,active,,,,,新幹線変形ロボ シンカリオン,,https://www.shinkalion.com/,"Transforming robot from the anime Shinkalion CW, based on this train.",アニメ『シンカリオンCW』の、この車両から変形するロボット。
shinkalion.shinkarioncw-500kodama,shinkalion,シンカリオンCW 500こだま,,Shinkalion CW 500 Kodama,,,,500,active,,,,,新幹線変形ロボ シンカリオン,,https://www.shinkalion.com/,"Transforming robot from the anime Shinkalion CW, based on this train.",アニメ『シンカリオンCW』の、この車両から変形するロボット。
shinkalion.shinkarioncw-shinkarion0,shinkalion,シンカリオンCW シンカリオン0,,Shinkalion CW Shinkalion 0,,,,0,active,,,,,新幹線変形ロボ シンカリオン,,https://www.shinkalion.com/,"Transforming robot from the anime Shinkalion CW, based on this train.",アニメ『シンカリオンCW』の、この車両から変形するロボット。
shinkalion.shinkarioncw-shinkarion300,shinkalion,シンカリオンCW シンカリオン300,,Shinkalion CW Shinkalion 300,,,,300,active,,,,,新幹線変形ロボ シンカリオン,,https://www.shinkalion.com/,"Transforming robot from the anime Shinkalion CW, based on this train.",アニメ『シンカリオンCW』の、この車両から変形するロボット。
shinkalion.shinkarioncw-e4maxtoki,shinkalion,シンカリオンCW E4Maxとき,,Shinkalion CW E4Max Toki,,,,e4,active,,,,,新幹線変形ロボ シンカリオン,,https://www.shinkalion.com/,"Transforming robot from the anime Shinkalion CW, based on this train.",アニメ『シンカリオンCW』の、この車両から変形するロボット。
shinkalion.shinkarioncw-dokutaaieroo,shinkalion,シンカリオンCW ドクターイエロー,,Shinkalion CW Doctor Yellow,,,,923,active,,,,,新幹線変形ロボ シンカリオン,,https://www.shinkalion.com/,"Transforming robot from the anime Shinkalion CW, based on this train.",アニメ『シンカリオンCW』の、この車両から変形するロボット。
