line,official_km,section,source,checked
jr-kyushu.kyushu-shinkansen,288.9,博多～鹿児島中央,https://www.jrkyushu.co.jp/company/info/data/line_km.html,2026-09-25
jr-kyushu.nishi-kyushu-shinkansen,69.6,武雄温泉～長崎,https://www.jrkyushu.co.jp/company/info/data/line_km.html,2026-09-25
jr-kyushu.sanyo,6.3,下関～門司,https://www.jrkyushu.co.jp/company/info/data/line_km.html,2026-09-25
jr-kyushu.kagoshima,281.6,門司港～八代、川内～鹿児島,https://www.jrkyushu.co.jp/company/info/data/line_km.html,2026-09-25
jr-kyushu.nippo,462.6,小倉～鹿児島,https://www.jrkyushu.co.jp/company/info/data/line_km.html,2026-09-25
jr-kyushu.nagasaki,148.8,鳥栖～長崎,https://www.jrkyushu.co.jp/company/info/data/line_km.html,2026-09-25
jr-kyushu.sasebo,48.8,江北～佐世保,https://www.jrkyushu.co.jp/company/info/data/line_km.html,2026-09-25
jr-kyushu.chikuhi,68.3,姪浜～伊万里,https://www.jrkyushu.co.jp/company/info/data/line_km.html,2026-09-25
jr-kyushu.sasaguri,25.1,桂川～吉塚,https://www.jrkyushu.co.jp/company/info/data/line_km.html,2026-09-25
jr-kyushu.miyazaki-kuko,1.4,田吉～宮崎空港,https://www.jrkyushu.co.jp/company/info/data/line_km.html,2026-09-25
jr-kyushu.chikuho,66.1,若松～原田,https://www.jrkyushu.co.jp/company/info/data/line_km.html,2026-09-25
jr-kyushu.omura,47.6,早岐～諌早,https://www.jrkyushu.co.jp/company/info/data/line_km.html,2026-09-25
jr-kyushu.kashii,25.4,西戸崎～宇美,https://www.jrkyushu.co.jp/company/info/data/line_km.html,2026-09-25
jr-kyushu.karatsu,42.5,久保田～西唐津,https://www.jrkyushu.co.jp/company/info/data/line_km.html,2026-09-25
jr-kyushu.hitahikosan,68.7,城野～夜明,https://www.jrkyushu.co.jp/company/info/data/line_km.html,2026-09-25
jr-kyushu.gotoji,13.3,新飯塚～田川後藤寺,https://www.jrkyushu.co.jp/company/info/data/line_km.html,2026-09-25
jr-kyushu.kyudai,141.5,久留米～大分,https://www.jrkyushu.co.jp/company/info/data/line_km.html,2026-09-25
jr-kyushu.hohi,148.0,熊本～大分,https://www.jrkyushu.co.jp/company/info/data/line_km.html,2026-09-25
jr-kyushu.hisatsu,124.2,八代～隼人,https://www.jrkyushu.co.jp/company/info/data/line_km.html,2026-09-25
jr-kyushu.misumi,25.6,宇土～三角,https://www.jrkyushu.co.jp/company/info/data/line_km.html,2026-09-25
jr-kyushu.ibusuki-makurazaki,87.8,鹿児島中央～枕崎,https://www.jrkyushu.co.jp/company/info/data/line_km.html,2026-09-25
jr-kyushu.kitto,61.6,都城～吉松,https://www.jrkyushu.co.jp/company/info/data/line_km.html,2026-09-25
jr-kyushu.nichinan,88.9,南宮崎～志布志,https://www.jrkyushu.co.jp/company/info/data/line_km.html,2026-09-25
jr-hokkaido.hakodate,458.4,函館～旭川、大沼～森,https://www.jrhokkaido.co.jp/corporate/company/com_02.html,2026-09-25
jr-hokkaido.nemuro,362.1,滝川～富良野、新得～根室,https://www.jrhokkaido.co.jp/corporate/company/com_02.html,2026-09-25
jr-hokkaido.chitose,59.2,白石～沼ノ端、南千歳～新千歳空港,https://www.jrhokkaido.co.jp/corporate/company/com_02.html,2026-09-25
jr-hokkaido.muroran,218.0,長万部～岩見沢、室蘭～東室蘭,https://www.jrhokkaido.co.jp/corporate/company/com_02.html,2026-09-25
jr-hokkaido.sekisho,132.4,南千歳～新得,https://www.jrhokkaido.co.jp/corporate/company/com_02.html,2026-09-25
jr-hokkaido.hokkaido-shinkansen,148.8,新青森～新函館北斗,https://www.jrhokkaido.co.jp/corporate/company/com_02.html,2026-09-25
jr-hokkaido.furano,54.8,富良野～旭川,https://www.jrhokkaido.co.jp/corporate/company/com_02.html,2026-09-25
jr-hokkaido.soya,259.4,旭川～稚内,https://www.jrhokkaido.co.jp/corporate/company/com_02.html,2026-09-25
jr-hokkaido.senmo,166.2,東釧路～網走,https://www.jrhokkaido.co.jp/corporate/company/com_02.html,2026-09-25
jr-hokkaido.sekihoku,234.0,新旭川～網走,https://www.jrhokkaido.co.jp/corporate/company/com_02.html,2026-09-25
jr-hokkaido.sassho,28.9,桑園～北海道医療大学,https://www.jrhokkaido.co.jp/corporate/company/com_02.html,2026-09-25
jr-hokkaido.hidaka,30.5,苫小牧～鵡川,https://www.jrhokkaido.co.jp/corporate/company/com_02.html,2026-09-25
jr-hokkaido.kaikyo,87.8,中小国～木古内,https://www.jrhokkaido.co.jp/corporate/company/com_02.html,2026-09-25
jr-central.tokaido-shinkansen,552.6,東京～新大阪,https://company.jr-central.co.jp/company/area/,2026-09-25
jr-central.tokaido,360.1,,https://company.jr-central.co.jp/company/area/,2026-09-25
jr-central.chuo,174.8,,https://company.jr-central.co.jp/company/area/,2026-09-25
jr-central.gotemba,60.2,,https://company.jr-central.co.jp/company/area/,2026-09-25
jr-central.taita,17.8,,https://company.jr-central.co.jp/company/area/,2026-09-25
jr-central.minobu,88.4,,https://company.jr-central.co.jp/company/area/,2026-09-25
jr-central.kansai,59.9,,https://company.jr-central.co.jp/company/area/,2026-09-25
jr-central.iida,195.7,,https://company.jr-central.co.jp/company/area/,2026-09-25
jr-central.kisei,180.2,,https://company.jr-central.co.jp/company/area/,2026-09-25
jr-central.taketoyo,19.3,,https://company.jr-central.co.jp/company/area/,2026-09-25
jr-central.meisho,43.5,,https://company.jr-central.co.jp/company/area/,2026-09-25
jr-central.takayama,189.2,,https://company.jr-central.co.jp/company/area/,2026-09-25
jr-central.sangu,29.1,,https://company.jr-central.co.jp/company/area/,2026-09-25
jr-shikoku.honshi-bisan,18.1,児島～宇多津,https://wwwtb.mlit.go.jp/shikoku/content/000321422.pdf,2026-09-25
jr-shikoku.yosan,327.0,高松～宇和島、向井原～内子、伊予大洲～新谷,https://wwwtb.mlit.go.jp/shikoku/content/000321422.pdf,2026-09-25
jr-shikoku.uchiko,5.3,新谷～内子,https://wwwtb.mlit.go.jp/shikoku/content/000321422.pdf,2026-09-25
jr-shikoku.yodo,76.3,若井～北宇和島,https://wwwtb.mlit.go.jp/shikoku/content/000321422.pdf,2026-09-25
jr-shikoku.kotoku,74.5,高松～徳島,https://wwwtb.mlit.go.jp/shikoku/content/000321422.pdf,2026-09-25
jr-shikoku.dosan,198.7,多度津～窪川,https://wwwtb.mlit.go.jp/shikoku/content/000321422.pdf,2026-09-25
jr-shikoku.naruto,8.5,池谷～鳴門,https://wwwtb.mlit.go.jp/shikoku/content/000321422.pdf,2026-09-25
jr-shikoku.tokushima,67.5,佃～佐古,https://wwwtb.mlit.go.jp/shikoku/content/000321422.pdf,2026-09-25
jr-shikoku.mugi,77.8,徳島～阿波海南,https://wwwtb.mlit.go.jp/shikoku/content/000321422.pdf,2026-09-25
jr-west.hokuriku,45.9,米原〜敦賀,https://www.westjr.co.jp/company/info/issue/data/pdf/data2025_08.pdf,2026-09-25
jr-west.wakayama,87.5,王寺〜和歌山,https://www.westjr.co.jp/company/info/issue/data/pdf/data2025_08.pdf,2026-09-25
jr-west.obama,84.3,敦賀〜東舞鶴,https://www.westjr.co.jp/company/info/issue/data/pdf/data2025_08.pdf,2026-09-25
jr-west.etsumi-hoku,52.5,越前花堂〜九頭竜湖,https://www.westjr.co.jp/company/info/issue/data/pdf/data2025_08.pdf,2026-09-25
jr-west.hanwa,63.0,天王寺〜和歌山 など,https://www.westjr.co.jp/company/info/issue/data/pdf/data2025_08.pdf,2026-09-25
jr-west.nanao,59.5,津幡〜和倉温泉,https://www.westjr.co.jp/company/info/issue/data/pdf/data2025_08.pdf,2026-09-25
jr-west.johana,29.9,高岡〜城端,https://www.westjr.co.jp/company/info/issue/data/pdf/data2025_08.pdf,2026-09-25
jr-west.himi,16.5,高岡〜氷見,https://www.westjr.co.jp/company/info/issue/data/pdf/data2025_08.pdf,2026-09-25
jr-west.takayama,36.6,猪谷〜富山,https://www.westjr.co.jp/company/info/issue/data/pdf/data2025_08.pdf,2026-09-25
jr-west.kisei,204.0,新宮〜和歌山市,https://www.westjr.co.jp/company/info/issue/data/pdf/data2025_08.pdf,2026-09-25
jr-west.oito,35.3,南小谷〜糸魚川,https://www.westjr.co.jp/company/info/issue/data/pdf/data2025_08.pdf,2026-09-25
jr-west.tokaido,155.8,米原〜神戸 など,https://www.westjr.co.jp/company/info/issue/data/pdf/data2025_08.pdf,2026-09-25
jr-west.sanyo,530.8,神戸〜下関 など,https://www.westjr.co.jp/company/info/issue/data/pdf/data2025_08.pdf,2026-09-25
jr-west.kosei,74.1,山科〜近江塩津,https://www.westjr.co.jp/company/info/issue/data/pdf/data2025_08.pdf,2026-09-25
jr-west.sanin,676.0,京都〜幡生 など,https://www.westjr.co.jp/company/info/issue/data/pdf/data2025_08.pdf,2026-09-25
jr-west.kakogawa,48.5,加古川〜谷川,https://www.westjr.co.jp/company/info/issue/data/pdf/data2025_08.pdf,2026-09-25
jr-west.kusatsu,36.7,柘植〜草津,https://www.westjr.co.jp/company/info/issue/data/pdf/data2025_08.pdf,2026-09-25
jr-west.kishin,158.1,姫路〜新見,https://www.westjr.co.jp/company/info/issue/data/pdf/data2025_08.pdf,2026-09-25
jr-west.nara,34.7,京都〜木津,https://www.westjr.co.jp/company/info/issue/data/pdf/data2025_08.pdf,2026-09-25
jr-west.osaka-loop,20.7,天王寺〜新今宮,https://www.westjr.co.jp/company/info/issue/data/pdf/data2025_08.pdf,2026-09-25
jr-west.sakurajima,4.1,西九条〜桜島,https://www.westjr.co.jp/company/info/issue/data/pdf/data2025_08.pdf,2026-09-25
jr-west.fukuchiyama,106.5,尼崎〜福知山,https://www.westjr.co.jp/company/info/issue/data/pdf/data2025_08.pdf,2026-09-25
jr-west.maizuru,26.4,東舞鶴〜綾部,https://www.westjr.co.jp/company/info/issue/data/pdf/data2025_08.pdf,2026-09-25
jr-west.bantan,65.7,和田山〜姫路,https://www.westjr.co.jp/company/info/issue/data/pdf/data2025_08.pdf,2026-09-25
jr-west.kansai,115.0,亀山〜JR難波,https://www.westjr.co.jp/company/info/issue/data/pdf/data2025_08.pdf,2026-09-25
jr-west.ako,57.4,相生〜東岡山,https://www.westjr.co.jp/company/info/issue/data/pdf/data2025_08.pdf,2026-09-25
jr-west.sakurai,29.4,奈良〜高田,https://www.westjr.co.jp/company/info/issue/data/pdf/data2025_08.pdf,2026-09-25
jr-west.katamachi,50.0,木津〜京橋 など,https://www.westjr.co.jp/company/info/issue/data/pdf/data2025_08.pdf,2026-09-25
jr-west.tozai,12.5,京橋〜尼崎,https://www.westjr.co.jp/company/info/issue/data/pdf/data2025_08.pdf,2026-09-25
jr-west.tsuyama,58.7,津山〜岡山,https://www.westjr.co.jp/company/info/issue/data/pdf/data2025_08.pdf,2026-09-25
jr-west.osaka-higashi,18.6,新大阪〜久宝寺,https://www.westjr.co.jp/company/info/issue/data/pdf/data2025_08.pdf,2026-09-25
jr-west.kibi,20.4,岡山〜総社,https://www.westjr.co.jp/company/info/issue/data/pdf/data2025_08.pdf,2026-09-25
jr-west.kansai-airport,11.1,日根野〜関西空港,https://www.westjr.co.jp/company/info/issue/data/pdf/data2025_08.pdf,2026-09-25
jr-west.uno,32.8,岡山〜宇野,https://www.westjr.co.jp/company/info/issue/data/pdf/data2025_08.pdf,2026-09-25
jr-west.honshi-bisan,12.9,茶屋町〜児島,https://www.westjr.co.jp/company/info/issue/data/pdf/data2025_08.pdf,2026-09-25
jr-west.hakubi,138.4,倉敷〜伯耆大山,https://www.westjr.co.jp/company/info/issue/data/pdf/data2025_08.pdf,2026-09-25
jr-west.geibi,159.1,備中神代〜広島,https://www.westjr.co.jp/company/info/issue/data/pdf/data2025_08.pdf,2026-09-25
jr-west.fukuen,78.0,福山〜塩町,https://www.westjr.co.jp/company/info/issue/data/pdf/data2025_08.pdf,2026-09-25
jr-west.inbi,70.8,東津山〜鳥取,https://www.westjr.co.jp/company/info/issue/data/pdf/data2025_08.pdf,2026-09-25
jr-west.sakai,17.9,米子〜境港,https://www.westjr.co.jp/company/info/issue/data/pdf/data2025_08.pdf,2026-09-25
jr-west.kisuki,81.9,宍道〜備後落合,https://www.westjr.co.jp/company/info/issue/data/pdf/data2025_08.pdf,2026-09-25
jr-west.kure,87.0,三原〜海田市,https://www.westjr.co.jp/company/info/issue/data/pdf/data2025_08.pdf,2026-09-25
jr-west.kabe,15.6,横川〜あき亀山,https://www.westjr.co.jp/company/info/issue/data/pdf/data2025_08.pdf,2026-09-25
jr-west.gantoku,43.7,岩国〜櫛ケ浜,https://www.westjr.co.jp/company/info/issue/data/pdf/data2025_08.pdf,2026-09-25
jr-west.yamaguchi,93.9,新山口〜益田,https://www.westjr.co.jp/company/info/issue/data/pdf/data2025_08.pdf,2026-09-25
jr-west.ube,33.2,新山口〜宇部,https://www.westjr.co.jp/company/info/issue/data/pdf/data2025_08.pdf,2026-09-25
jr-west.onoda,13.9,小野田〜居能 など,https://www.westjr.co.jp/company/info/issue/data/pdf/data2025_08.pdf,2026-09-25
jr-west.mine,46.0,厚狭〜長門市,https://www.westjr.co.jp/company/info/issue/data/pdf/data2025_08.pdf,2026-09-25
jr-west.hakata-minami,8.5,博多〜博多南,https://www.westjr.co.jp/company/info/issue/data/pdf/data2025_08.pdf,2026-09-25
jr-west.sanyo-shinkansen,644.0,新大阪〜博多,https://www.westjr.co.jp/company/info/issue/data/pdf/data2025_08.pdf,2026-09-25
jr-west.hokuriku-shinkansen,293.7,上越妙高〜敦賀,https://www.westjr.co.jp/company/info/issue/data/pdf/data2025_08.pdf,2026-09-25
nagoyatetsudo.meitetsu-nagoya,99.8,豊橋～名鉄岐阜,https://wwwtb.mlit.go.jp/chubu/kousei/suuji/data/2-2-1-2.pdf,2026-09-25
nagoyatetsudo.meitetsu-airport,4.2,常滑～中部国際空港,https://wwwtb.mlit.go.jp/chubu/kousei/suuji/data/2-2-1-2.pdf,2026-09-25
nagoyatetsudo.meitetsu-tokoname,29.3,神宮前～常滑,https://wwwtb.mlit.go.jp/chubu/kousei/suuji/data/2-2-1-2.pdf,2026-09-25
nagoyatetsudo.meitetsu-chikko,1.5,大江～東名古屋港,https://wwwtb.mlit.go.jp/chubu/kousei/suuji/data/2-2-1-2.pdf,2026-09-25
nagoyatetsudo.meitetsu-kowa,28.8,太田川～河和,https://wwwtb.mlit.go.jp/chubu/kousei/suuji/data/2-2-1-2.pdf,2026-09-25
nagoyatetsudo.meitetsu-tsushima,11.8,須ケ口～津島,https://wwwtb.mlit.go.jp/chubu/kousei/suuji/data/2-2-1-2.pdf,2026-09-25
nagoyatetsudo.meitetsu-komaki,20.6,上飯田～犬山,https://wwwtb.mlit.go.jp/chubu/kousei/suuji/data/2-2-1-2.pdf,2026-09-25
nagoyatetsudo.meitetsu-kakamigahara,17.6,名鉄岐阜～新鵜沼,https://wwwtb.mlit.go.jp/chubu/kousei/suuji/data/2-2-1-2.pdf,2026-09-25
nagoyatetsudo.meitetsu-seto,20.6,栄町～尾張瀬戸,https://wwwtb.mlit.go.jp/chubu/kousei/suuji/data/2-2-1-2.pdf,2026-09-25
nagoyatetsudo.meitetsu-toyota,15.2,赤池～梅坪,https://wwwtb.mlit.go.jp/chubu/kousei/suuji/data/2-2-1-2.pdf,2026-09-25
nagoyatetsudo.meitetsu-mikawa,39.8,猿投～碧南,https://wwwtb.mlit.go.jp/chubu/kousei/suuji/data/2-2-1-2.pdf,2026-09-25
nagoyatetsudo.meitetsu-bisai,30.9,弥富～玉ノ井,https://wwwtb.mlit.go.jp/chubu/kousei/suuji/data/2-2-1-2.pdf,2026-09-25
nagoyatetsudo.meitetsu-takehana,10.3,笠松～江吉良,https://wwwtb.mlit.go.jp/chubu/kousei/suuji/data/2-2-1-2.pdf,2026-09-25
nagoyatetsudo.meitetsu-hiromi,22.3,犬山～御嵩,https://wwwtb.mlit.go.jp/chubu/kousei/suuji/data/2-2-1-2.pdf,2026-09-25
nagoyatetsudo.meitetsu-chita-new,13.9,富貴～内海,https://wwwtb.mlit.go.jp/chubu/kousei/suuji/data/2-2-1-2.pdf,2026-09-25
nagoyatetsudo.meitetsu-hashima,1.3,江吉良～新羽島,https://wwwtb.mlit.go.jp/chubu/kousei/suuji/data/2-2-1-2.pdf,2026-09-25
nagoyatetsudo.meitetsu-toyokawa,7.2,国府～豊川稲荷,https://wwwtb.mlit.go.jp/chubu/kousei/suuji/data/2-2-1-2.pdf,2026-09-25
kintetsu.nagoya,78.8,伊勢中川～近鉄名古屋,https://wwwtb.mlit.go.jp/chubu/kousei/suuji/data/2-2-1-2.pdf,2026-09-25
jr-tokai-kotsu-jigyo.johoku,11.2,勝川～枇杷島,https://wwwtb.mlit.go.jp/chubu/kousei/suuji/data/2-2-1-2.pdf,2026-09-25
kintetsu.osaka,108.9,伊勢中川～大阪上本町,https://wwwtb.mlit.go.jp/chubu/kousei/suuji/data/2-2-1-2.pdf,2026-09-25
kintetsu.yamada,28.3,伊勢中川～宇治山田,https://wwwtb.mlit.go.jp/chubu/kousei/suuji/data/2-2-1-2.pdf,2026-09-25
kintetsu.suzuka,8.2,伊勢若松～平田町,https://wwwtb.mlit.go.jp/chubu/kousei/suuji/data/2-2-1-2.pdf,2026-09-25
sangi-tetsudo.hokusei,20.4,西桑名～阿下喜,https://wwwtb.mlit.go.jp/chubu/kousei/suuji/data/2-2-1-2.pdf,2026-09-25
kintetsu.toba,13.2,宇治山田～鳥羽,https://wwwtb.mlit.go.jp/chubu/kousei/suuji/data/2-2-1-2.pdf,2026-09-25
kintetsu.shima,24.5,鳥羽～賢島,https://wwwtb.mlit.go.jp/chubu/kousei/suuji/data/2-2-1-2.pdf,2026-09-25
nagoya-rinkai-kosokutetsudo.aonami,15.2,名古屋～金城ふ頭,https://wwwtb.mlit.go.jp/chubu/kousei/suuji/data/2-2-1-2.pdf,2026-09-25
aichi-kosoku-kotsu.linimo,8.9,藤が丘～八草,https://wwwtb.mlit.go.jp/chubu/kousei/suuji/data/2-2-1-2.pdf,2026-09-25
yoro-tetsudo.yoro-railway-yoro,57.5,桑名～揖斐,https://wwwtb.mlit.go.jp/chubu/kousei/suuji/data/2-2-1-2.pdf,2026-09-25
iga-tetsudo.iga-railway-iga,16.6,伊賀神戸～伊賀上野,https://wwwtb.mlit.go.jp/chubu/kousei/suuji/data/2-2-1-2.pdf,2026-09-25
nagoyashi.kamiiida,0.8,平安通～上飯田,https://wwwtb.mlit.go.jp/chubu/kousei/suuji/data/2-2-1-2.pdf,2026-09-25
yokkaichi-asunaro-tetsudo.utsube,5.7,あすなろう四日市～内部,https://wwwtb.mlit.go.jp/chubu/kousei/suuji/data/2-2-1-2.pdf,2026-09-25
izukyu.izu-kyuko,45.7,伊東～伊豆急下田,https://wwwtb.mlit.go.jp/chubu/kousei/suuji/data/2-2-1-2.pdf,2026-09-25
yokkaichi-asunaro-tetsudo.hachioji,1.3,日永～西日野,https://wwwtb.mlit.go.jp/chubu/kousei/suuji/data/2-2-1-2.pdf,2026-09-25
izuhakone.railway-sunzu,19.8,三島～修善寺,https://wwwtb.mlit.go.jp/chubu/kousei/suuji/data/2-2-1-2.pdf,2026-09-25
tarumi-tetsudo.tarumi,34.5,大垣～樽見,https://wwwtb.mlit.go.jp/chubu/kousei/suuji/data/2-2-1-2.pdf,2026-09-25
gakunan-densha.gakunan,9.2,吉原～岳南江尾,https://wwwtb.mlit.go.jp/chubu/kousei/suuji/data/2-2-1-2.pdf,2026-09-25
meichi-tetsudo.akechi,25.1,恵那～明智,https://wwwtb.mlit.go.jp/chubu/kousei/suuji/data/2-2-1-2.pdf,2026-09-25
shizuokatetsudo.shizuokashimizu,11.0,新静岡～新清水,https://wwwtb.mlit.go.jp/chubu/kousei/suuji/data/2-2-1-2.pdf,2026-09-25
nagaragawa-tetsudo.etsumi-nan,72.1,美濃太田～北濃,https://wwwtb.mlit.go.jp/chubu/kousei/suuji/data/2-2-1-2.pdf,2026-09-25
tenryu-hamanako-tetsudo.tenryu-hamanako,67.7,掛川～新所原,https://wwwtb.mlit.go.jp/chubu/kousei/suuji/data/2-2-1-2.pdf,2026-09-25
enshutetsudo.enshu-railway,17.8,新浜松～西鹿島,https://wwwtb.mlit.go.jp/chubu/kousei/suuji/data/2-2-1-2.pdf,2026-09-25
isetetsudo.ise-railway-ise,22.3,河原田～津,https://wwwtb.mlit.go.jp/chubu/kousei/suuji/data/2-2-1-2.pdf,2026-09-25
toyohashi-tetsudo.atsumi,18.0,新豊橋～三河田原,https://wwwtb.mlit.go.jp/chubu/kousei/suuji/data/2-2-1-2.pdf,2026-09-25
aichikanjotetsudo.aichi-loop,45.3,岡崎～高蔵寺,https://wwwtb.mlit.go.jp/chubu/kousei/suuji/data/2-2-1-2.pdf,2026-09-25
hapirain-fukui.hapi-fukui,84.3,敦賀～大聖寺,https://wwwtb.mlit.go.jp/chubu/kousei/suuji/data/2-2-1-2.pdf,2026-09-25
jukkokutoge-cable.cable-car,0.3,十国峠山麓～十国峠山頂,https://wwwtb.mlit.go.jp/chubu/kousei/suuji/data/2-2-1-2.pdf,2026-09-25
jr-east.ito,16.9,熱海～伊東,https://wwwtb.mlit.go.jp/chubu/kousei/suuji/data/2-2-1-2.pdf,2026-09-25
takamatsu-kotohira-denkitetsudo.kotohira,32.9,,https://wwwtb.mlit.go.jp/shikoku/content/000321255.pdf,2026-09-25
takamatsu-kotohira-denkitetsudo.shido,12.5,,https://wwwtb.mlit.go.jp/shikoku/content/000321255.pdf,2026-09-25
takamatsu-kotohira-denkitetsudo.nagao,14.6,,https://wwwtb.mlit.go.jp/shikoku/content/000321255.pdf,2026-09-25
iyotetsudo.takahama,9.4,,https://wwwtb.mlit.go.jp/shikoku/content/000321255.pdf,2026-09-25
iyotetsudo.yokogawara,13.2,,https://wwwtb.mlit.go.jp/shikoku/content/000321255.pdf,2026-09-25
iyotetsudo.gunchu,11.3,,https://wwwtb.mlit.go.jp/shikoku/content/000321255.pdf,2026-09-25
iyotetsudo.johoku,2.7,,https://wwwtb.mlit.go.jp/shikoku/content/000321255.pdf,2026-09-25
iyotetsudo.jonan,3.5,,https://wwwtb.mlit.go.jp/shikoku/content/000321255.pdf,2026-09-25
iyotetsudo.renraku,0.1,,https://wwwtb.mlit.go.jp/shikoku/content/000321255.pdf,2026-09-25
iyotetsudo.honmachi,1.5,,https://wwwtb.mlit.go.jp/shikoku/content/000321255.pdf,2026-09-25
iyotetsudo.otemachi,1.4,,https://wwwtb.mlit.go.jp/shikoku/content/000321255.pdf,2026-09-25
iyotetsudo.hanazono,0.4,,https://wwwtb.mlit.go.jp/shikoku/content/000321255.pdf,2026-09-25
tosaden-kotsu.ekimae,0.8,,https://wwwtb.mlit.go.jp/shikoku/content/000321255.pdf,2026-09-25
tosaden-kotsu.sanbashi,2.4,,https://wwwtb.mlit.go.jp/shikoku/content/000321255.pdf,2026-09-25
tosaden-kotsu.gomen,10.9,,https://wwwtb.mlit.go.jp/shikoku/content/000321255.pdf,2026-09-25
tosaden-kotsu.ino,11.2,,https://wwwtb.mlit.go.jp/shikoku/content/000321255.pdf,2026-09-25
tosa-kuroshio-tetsudo.nakamura,43.0,,https://wwwtb.mlit.go.jp/shikoku/content/000321255.pdf,2026-09-25
tosa-kuroshio-tetsudo.sukumo,23.6,,https://wwwtb.mlit.go.jp/shikoku/content/000321255.pdf,2026-09-25
tosa-kuroshio-tetsudo.asa,42.7,,https://wwwtb.mlit.go.jp/shikoku/content/000321255.pdf,2026-09-25
nagoyatetsudo.meitetsu-inuyama,26.8,枇杷島分岐点～新鵜沼,https://wwwtb.mlit.go.jp/chubu/kousei/suuji/data/2-2-1-2.pdf,2026-09-25
