id,chain,kind,ja,en,address,lat,lon,website,source,checked,note_en,note_ja,hide
popondetta-sapporo-odori,popondetta,shop,ポポンデッタ 札幌大通店,Popondetta Sapporo Odori,北海道札幌市中央区南1条西1丁目8-2 ジュンク堂書店内 地下1階,,,https://www.popondetta.com/sapporo/index.html,https://www.popondetta.com/map.html,2026-09-28,"Model railway shop (new and used N/HO, books, goods) with a rental layout; in the basement of the Junkudo bookshop",ジュンク堂書店の地下にある鉄道模型店。N・HOの新品・中古、書籍、グッズ、レンタルレイアウトあり,
popondetta-aeon-mall-natori,popondetta,shop,ポポンデッタ イオンモール名取店,Popondetta Aeon Mall Natori,宮城県名取市杜せきのした5丁目3番地の1 イオンモール名取3F,,,https://www.popondetta.com/sendai/index.html,https://www.popondetta.com/map.html,2026-09-28,"Model railway shop (new and used N/HO, books, goods) with a rental layout",鉄道模型店。N・HOの新品・中古、書籍、グッズ、レンタルレイアウトあり,
popondetta-akihabara,popondetta,shop,ポポンデッタ 秋葉原店,Popondetta Akihabara,東京都千代田区外神田3-3-3 Rail Way BLD,,,https://www.popondetta.com/akihabara/index.html,https://www.popondetta.com/map.html,2026-09-28,"Model railway shop (new and used N/HO, books, goods) with a rental layout; the chain's flagship and mail-order base",鉄道模型店。N・HOの新品・中古、書籍、グッズ、レンタルレイアウトあり。チェーンの旗艦店で通販の拠点,
popondetta-akiba-reuse,popondetta,shop,ポポンデッタ あきばリユース店,Popondetta Akiba Reuse,東京都千代田区外神田3-15-5 MNビル2F,,,https://www.popondetta.com/akibareuse/index.html,https://www.popondetta.com/map.html,2026-09-28,Popondetta's used-only model railway shop,ポポンデッタの中古専門の鉄道模型店,
popondetta-keio-department-store-shinjuku,popondetta,shop,ポポンデッタ 京王百貨店新宿店,Popondetta Keio Department Store Shinjuku,東京都新宿区西新宿1-1-4 京王百貨店新宿店7F,,,https://www.popondetta.com/shinjuku/index.html,https://www.popondetta.com/map.html,2026-09-28,"Model railway shop (new and used N/HO, books, goods) with a rental layout; in the Keio department store",京王百貨店内の鉄道模型店。N・HOの新品・中古、書籍、グッズ、レンタルレイアウトあり,
popondetta-with-tobu-railway-gallery,popondetta,shop,ポポンデッタ with 東武鉄道ギャラリー,Popondetta with Tobu Railway Gallery,東京都台東区花川戸1-4-1 浅草エキミセ5F,,,https://www.popondetta.com/asakusa/index.html,https://www.popondetta.com/map.html,2026-09-28,"Model railway shop (new and used N/HO, books, goods) with a rental layout; co-branded Tobu Railway gallery in Asakusa station building",浅草駅ビルにある東武鉄道とのコラボ店。鉄道模型、書籍、グッズ、レンタルレイアウトあり,
popondetta-celeo-hachioji,popondetta,shop,ポポンデッタ セレオ八王子店,Popondetta Celeo Hachioji,東京都八王子市旭町1-1 セレオ八王子北館7F,,,https://www.popondetta.com/hachioji/index.html,https://www.popondetta.com/map.html,2026-09-28,"Model railway shop (new and used N/HO, books, goods) with a rental layout",鉄道模型店。N・HOの新品・中古、書籍、グッズ、レンタルレイアウトあり,
popondetta-ariake-garden,popondetta,shop,ポポンデッタ 有明ガーデン店,Popondetta Ariake Garden,東京都江東区有明2-1-8 有明ガーデン4F,,,https://www.popondetta.com/ariake/index.html,https://www.popondetta.com/map.html,2026-09-28,"Model railway shop (new and used N/HO, books, goods) with a rental layout",鉄道模型店。N・HOの新品・中古、書籍、グッズ、レンタルレイアウトあり,
popondetta-yokohama-west-exit,popondetta,shop,ポポンデッタ 横浜西口店,Popondetta Yokohama West Exit,神奈川県横浜市西区南幸2-11-7 横浜西口藤澤ビル7F,,,https://www.popondetta.com/yokohama/index.html,https://www.popondetta.com/map.html,2026-09-28,"Model railway shop (new and used N/HO, books, goods) with a rental layout",鉄道模型店。N・HOの新品・中古、書籍、グッズ、レンタルレイアウトあり,
popondetta-tressa-yokohama,popondetta,shop,ポポンデッタ トレッサ横浜店,Popondetta Tressa Yokohama,神奈川県横浜市港北区師岡町700番地 トレッサ横浜南棟1F,,,https://www.popondetta.com/tressa/index.html,https://www.popondetta.com/map.html,2026-09-28,"Model railway shop (new and used N/HO, books, goods) with a rental layout",鉄道模型店。N・HOの新品・中古、書籍、グッズ、レンタルレイアウトあり,
popondetta-seibu-higashi-totsuka,popondetta,shop,ポポンデッタ 西武東戸塚店,Popondetta Seibu Higashi-Totsuka,神奈川県横浜市戸塚区品濃町537-1 西武東戸塚店6F,,,https://www.popondetta.com/higashitotsuka/index.html,https://www.popondetta.com/map.html,2026-09-28,"Model railway shop (new and used N/HO, books, goods) with a rental layout; in the Seibu department store",西武百貨店内の鉄道模型店。N・HOの新品・中古、書籍、グッズ、レンタルレイアウトあり,
popondetta-with-odakyu-train-gallery,popondetta,shop,ポポンデッタ with 小田急トレインギャラリー,Popondetta with Odakyu Train Gallery,神奈川県海老名市中央1-18-1 ビナウォーク6番館2F,,,https://www.popondetta.com/ebina/index.html,https://www.popondetta.com/map.html,2026-09-28,"Model railway shop (new and used N/HO, books, goods) with a rental layout; co-branded Odakyu gallery",小田急とのコラボ店。鉄道模型、書籍、グッズ、レンタルレイアウトあり,
popondetta-kawasaki-azalea,popondetta,shop,ポポンデッタ 川崎アゼリア店,Popondetta Kawasaki Azalea,神奈川県川崎市川崎区駅前本町26番地2-3005,,,https://www.popondetta.com/kawasaki/index.html,https://www.popondetta.com/map.html,2026-09-28,"Model railway shop (new and used N/HO, books, goods) with a rental layout; in the Kawasaki Azalea underground mall",川崎アゼリア地下街の鉄道模型店。N・HOの新品・中古、書籍、グッズ、レンタルレイアウトあり,
popondetta-grand-tree-musashi-kosugi,popondetta,shop,ポポンデッタ グランツリー武蔵小杉店,Popondetta Grand Tree Musashi-Kosugi,神奈川県川崎市中原区新丸子東3丁目1135-1 グランツリー武蔵小杉3F,,,https://www.popondetta.com/musashikosugi/index.html,https://www.popondetta.com/map.html,2026-09-28,"Model railway shop (new and used N/HO, books, goods) with a rental layout",鉄道模型店。N・HOの新品・中古、書籍、グッズ、レンタルレイアウトあり,
popondetta-ario-hashimoto,popondetta,shop,ポポンデッタ アリオ橋本店,Popondetta Ario Hashimoto,神奈川県相模原市緑区大山町1-22 アリオ橋本2F,,,https://www.popondetta.com/hashimoto/index.html,https://www.popondetta.com/map.html,2026-09-28,"Model railway shop (new and used N/HO, books, goods) with a rental layout",鉄道模型店。N・HOの新品・中古、書籍、グッズ、レンタルレイアウトあり,
popondetta-globo-soga,popondetta,shop,ポポンデッタ GLOBO蘇我店,Popondetta GLOBO Soga,千葉県千葉市中央区川崎町1-34 GLOBO 1F,,,https://www.popondetta.com/chibasoga/index.html,https://www.popondetta.com/map.html,2026-09-28,"Model railway shop (new and used N/HO, books, goods) with a rental layout",鉄道模型店。N・HOの新品・中古、書籍、グッズ、レンタルレイアウトあり,
popondetta-aeon-mall-makuhari-shintoshin,popondetta,shop,ポポンデッタ イオンモール幕張新都心店,Popondetta Aeon Mall Makuhari Shintoshin,千葉県千葉市美浜区豊砂1-1 グランドモール3F,,,https://www.popondetta.com/makuhari/index.html,https://www.popondetta.com/map.html,2026-09-28,"Model railway shop (new and used N/HO, books, goods) with a rental layout",鉄道模型店。N・HOの新品・中古、書籍、グッズ、レンタルレイアウトあり,
popondetta-seven-park-ario-kashiwa,popondetta,shop,ポポンデッタ セブンパークアリオ柏店,Popondetta Seven Park Ario Kashiwa,千葉県柏市大島田1丁目6番地1 セブンパークアリオ柏2F,,,https://www.popondetta.com/kashiwa/index.html,https://www.popondetta.com/map.html,2026-09-28,"Model railway shop (new and used N/HO, books, goods) with a rental layout",鉄道模型店。N・HOの新品・中古、書籍、グッズ、レンタルレイアウトあり,
popondetta-lala-garden-kawaguchi,popondetta,shop,ポポンデッタ ララガーデン川口店,Popondetta LaLa Garden Kawaguchi,埼玉県川口市宮町18-9 ララガーデン川口2F,,,https://www.popondetta.com/kawaguti/index.html,https://www.popondetta.com/map.html,2026-09-28,"Model railway shop (new and used N/HO, books, goods) with a rental layout",鉄道模型店。N・HOの新品・中古、書籍、グッズ、レンタルレイアウトあり,
popondetta-aeon-mall-kawaguchi,popondetta,shop,ポポンデッタ イオンモール川口店,Popondetta Aeon Mall Kawaguchi,埼玉県川口市安行領根岸3180 イオンモール川口3F,,,https://www.popondetta.com/amkawaguchi/index.html,https://www.popondetta.com/map.html,2026-09-28,"Model railway shop (new and used N/HO, books, goods) with a rental layout",鉄道模型店。N・HOの新品・中古、書籍、グッズ、レンタルレイアウトあり,
popondetta-koshigaya-lake-town,popondetta,shop,ポポンデッタ 越谷レイクタウン店,Popondetta Koshigaya Lake Town,埼玉県越谷市レイクタウン3丁目1番地1 イオンレイクタウンmori 3F,,,https://www.popondetta.com/koshigaya/index.html,https://news.popondetta.com/blog/uncategorized/%E8%B6%8A%E8%B0%B7%E3%83%AC%E3%82%A4%E3%82%AF%E3%82%BF%E3%82%A6%E3%83%B3%E5%BA%97%E7%A7%BB%E8%BB%A2%E3%81%AE%E3%81%8A%E7%9F%A5%E3%82%89%E3%81%9B/,2026-09-28,"Model railway shop (new and used N/HO, books, goods) with a rental layout; relocated from kaze to mori, reopened 17 Sep 2026",鉄道模型店。N・HOの新品・中古、書籍、グッズ、レンタルレイアウトあり。2026年9月17日に風から森へ移転,
popondetta-tokotoko-square-tokorozawa,popondetta,shop,ポポンデッタ トコトコスクエア所沢店,Popondetta Tokotoko Square Tokorozawa,埼玉県所沢市東町5-22 トコトコスクエア5F,,,https://www.popondetta.com/tokorozawa/index.html,https://www.popondetta.com/map.html,2026-09-28,"Model railway shop (new and used N/HO, books, goods) with a rental layout",鉄道模型店。N・HOの新品・中古、書籍、グッズ、レンタルレイアウトあり,
popondetta-aeon-mall-hanyu,popondetta,shop,ポポンデッタ イオンモール羽生店,Popondetta Aeon Mall Hanyu,埼玉県羽生市川崎2-281-3 イオンモール羽生3F,,,https://www.popondetta.com/hanyu/index.html,https://www.popondetta.com/map.html,2026-09-28,"Model railway shop (new and used N/HO, books, goods) with a rental layout",鉄道模型店。N・HOの新品・中古、書籍、グッズ、レンタルレイアウトあり,
popondetta-lalaport-fujimi,popondetta,shop,ポポンデッタ ららぽーと富士見店,Popondetta LaLaport Fujimi,埼玉県富士見市山室1-1313 ららぽーと富士見3F,,,https://www.popondetta.com/saitama_fujimi/index.html,https://www.popondetta.com/map.html,2026-09-28,"Model railway shop (new and used N/HO, books, goods) with a rental layout",鉄道模型店。N・HOの新品・中古、書籍、グッズ、レンタルレイアウトあり,
popondetta-aeon-mall-tsukuba,popondetta,shop,ポポンデッタ イオンモールつくば店,Popondetta Aeon Mall Tsukuba,茨城県つくば市稲岡66-1 イオンモールつくば1F,,,https://www.popondetta.com/tsukuba/index.html,https://www.popondetta.com/map.html,2026-09-28,"Model railway shop (new and used N/HO, books, goods) with a rental layout",鉄道模型店。N・HOの新品・中古、書籍、グッズ、レンタルレイアウトあり,
popondetta-aeon-mall-mito-uchihara,popondetta,shop,ポポンデッタ イオンモール水戸内原店,Popondetta Aeon Mall Mito Uchihara,茨城県水戸市内原2丁目1番地 イオンモール水戸内原3F,,,https://www.popondetta.com/mitouchihara/index.html,https://www.popondetta.com/map.html,2026-09-28,"Model railway shop (new and used N/HO, books, goods) with a rental layout",鉄道模型店。N・HOの新品・中古、書籍、グッズ、レンタルレイアウトあり,
popondetta-aeon-mall-takasaki,popondetta,shop,ポポンデッタ イオンモール高崎店,Popondetta Aeon Mall Takasaki,群馬県高崎市棟高町1400番地 イオンモール高崎3F,,,https://www.popondetta.com/takasaki/index.html,https://www.popondetta.com/map.html,2026-09-28,"Model railway shop (new and used N/HO, books, goods) with a rental layout",鉄道模型店。N・HOの新品・中古、書籍、グッズ、レンタルレイアウトあり,
popondetta-aeon-mall-matsumoto,popondetta,shop,ポポンデッタ イオンモール松本店,Popondetta Aeon Mall Matsumoto,長野県松本市中央4-9-51 イオンモール松本 空庭1F,,,https://www.popondetta.com/matsumoto/index.html,https://www.popondetta.com/map.html,2026-09-28,"Model railway shop (new and used N/HO, books, goods) with a rental layout",鉄道模型店。N・HOの新品・中古、書籍、グッズ、レンタルレイアウトあり,
popondetta-with-tokaido-line-gallery,popondetta,shop,ポポンデッタ with 東海道線ギャラリー,Popondetta with Tokaido Line Gallery,静岡県静岡市葵区黒金町49番地 静岡パルシェ5F,,,https://www.popondetta.com/shizuoka/index.html,https://www.popondetta.com/map.html,2026-09-28,"Model railway shop (new and used N/HO, books, goods) with a rental layout; Tokaido Line themed gallery in Shizuoka station building",静岡駅ビルにある東海道線がテーマの鉄道模型店。レンタルレイアウトあり,
popondetta-aeon-mall-hamamatsu-ichino,popondetta,shop,ポポンデッタ イオンモール浜松市野店,Popondetta Aeon Mall Hamamatsu Ichino,静岡県浜松市中央区天王町字諏訪1981-3 イオンモール浜松市野2F,,,https://www.popondetta.com/hamamatsu/index.html,https://www.popondetta.com/map.html,2026-09-28,"Model railway shop (new and used N/HO, books, goods) with a rental layout",鉄道模型店。N・HOの新品・中古、書籍、グッズ、レンタルレイアウトあり,
popondetta-colorful-town-gifu,popondetta,shop,ポポンデッタ カラフルタウン岐阜店,Popondetta Colorful Town Gifu,岐阜県岐阜市柳津町丸野3丁目3-6 カラフルタウン2F,,,https://www.popondetta.com/colorfultown/index.html,https://www.popondetta.com/map.html,2026-09-28,"Model railway shop (new and used N/HO, books, goods) with a rental layout",鉄道模型店。N・HOの新品・中古、書籍、グッズ、レンタルレイアウトあり,
popondetta-aeon-mall-toki,popondetta,shop,ポポンデッタ イオンモール土岐店,Popondetta Aeon Mall Toki,岐阜県土岐市土岐津町土岐口1372-1 イオンモール土岐2F,,,https://www.popondetta.com/toki/index.html,https://www.popondetta.com/map.html,2026-09-28,"Model railway shop (new and used N/HO, books, goods) with a rental layout",鉄道模型店。N・HOの新品・中古、書籍、グッズ、レンタルレイアウトあり,
popondetta-nagoya-osu,popondetta,shop,ポポンデッタ 名古屋大須店,Popondetta Nagoya Osu,愛知県名古屋市中区大須3-5-6 矢場町サンコービル3階,,,https://www.popondetta.com/nagoya_osu/index.html,https://www.popondetta.com/map.html,2026-09-28,"Model railway shop (new and used N/HO, books, goods) with a rental layout",鉄道模型店。N・HOの新品・中古、書籍、グッズ、レンタルレイアウトあり,
popondetta-kanazawa-forus,popondetta,shop,ポポンデッタ 金沢フォーラス店,Popondetta Kanazawa Forus,石川県金沢市堀川新町3-1 金沢フォーラス5F,,,https://www.popondetta.com/kanazawa/index.html,https://www.popondetta.com/map.html,2026-09-28,"Model railway shop (new and used N/HO, books, goods) with a rental layout",鉄道模型店。N・HOの新品・中古、書籍、グッズ、レンタルレイアウトあり,
popondetta-aeon-mall-toin,popondetta,shop,ポポンデッタ イオンモール東員店,Popondetta Aeon Mall Toin,三重県員弁郡東員町大字長深字築田510番地1 イオンモール東員2F,,,https://www.popondetta.com/toin/index.html,https://www.popondetta.com/map.html,2026-09-28,"Model railway shop (new and used N/HO, books, goods) with a rental layout",鉄道模型店。N・HOの新品・中古、書籍、グッズ、レンタルレイアウトあり,
popondetta-osaka-nipponbashi,popondetta,shop,ポポンデッタ 大阪日本橋店,Popondetta Osaka Nipponbashi,大阪府大阪市浪速区日本橋4丁目10-3 雅光産ビル3F,,,https://www.popondetta.com/osaka/index.html,https://www.popondetta.com/map.html,2026-09-28,"Model railway shop (new and used N/HO, books, goods) with a rental layout",鉄道模型店。N・HOの新品・中古、書籍、グッズ、レンタルレイアウトあり,
popondetta-kintetsu-abeno-harukas,popondetta,shop,ポポンデッタ 近鉄あべのハルカス店,Popondetta Kintetsu Abeno Harukas,大阪府大阪市阿倍野区阿倍野筋1-1-43 あべのハルカス近鉄本店ウイング館8F,,,https://www.popondetta.com/osaka_abeno/index.html,https://www.popondetta.com/map.html,2026-09-28,"Model railway shop (new and used N/HO, books, goods) with a rental layout; in the Kintetsu department store",近鉄百貨店内の鉄道模型店。N・HOの新品・中古、書籍、グッズ、レンタルレイアウトあり,
popondetta-lalaport-izumi,popondetta,shop,ポポンデッタ ららぽーと和泉店,Popondetta LaLaport Izumi,大阪府和泉市あゆみ野4-4-7 ららぽーと和泉2F,,,https://www.popondetta.com/osaka_izumi/index.html,https://www.popondetta.com/map.html,2026-09-28,"Model railway shop (new and used N/HO, books, goods) with a rental layout",鉄道模型店。N・HOの新品・中古、書籍、グッズ、レンタルレイアウトあり,
popondetta-expocity,popondetta,shop,ポポンデッタ エキスポシティ店,Popondetta Expocity,大阪府吹田市千里万博公園2-1 ららぽーとEXPOCITY 3F,,,https://www.popondetta.com/osaka_expocity/index.html,https://www.popondetta.com/map.html,2026-09-28,"Model railway shop (new and used N/HO, books, goods) with a rental layout",鉄道模型店。N・HOの新品・中古、書籍、グッズ、レンタルレイアウトあり,
popondetta-hankyu-sanbangai,popondetta,shop,ポポンデッタ 阪急三番街店,Popondetta Hankyu Sanbangai,大阪府大阪市北区芝田1-1-3 阪急三番街北館B1F,,,https://www.popondetta.com/osaka_umeda/index.html,https://www.popondetta.com/map.html,2026-09-28,"Model railway shop (new and used N/HO, books, goods) with a rental layout; in the mall under Hankyu Osaka-umeda station",阪急大阪梅田駅下のモールにある鉄道模型店。レンタルレイアウトあり,
popondetta-aeon-mall-kyoto,popondetta,shop,ポポンデッタ イオンモールKYOTO店,Popondetta Aeon Mall Kyoto,京都府京都市南区西九条鳥居口町1番地 イオンモールKYOTO 4F,,,https://www.popondetta.com/kyoto/index.html,https://www.popondetta.com/map.html,2026-09-28,"Model railway shop (new and used N/HO, books, goods) with a rental layout",鉄道模型店。N・HOの新品・中古、書籍、グッズ、レンタルレイアウトあり,
popondetta-kobe-harborland-umie,popondetta,shop,ポポンデッタ 神戸ハーバーランドumie店,Popondetta Kobe Harborland umie,兵庫県神戸市中央区東川崎町1-7-2 神戸ハーバーランドumieサウスモール4F,,,https://www.popondetta.com/kobe/index.html,https://www.popondetta.com/map.html,2026-09-28,"Model railway shop (new and used N/HO, books, goods) with a rental layout",鉄道模型店。N・HOの新品・中古、書籍、グッズ、レンタルレイアウトあり,
popondetta-lalaport-koshien,popondetta,shop,ポポンデッタ ららぽーと甲子園店,Popondetta LaLaport Koshien,兵庫県西宮市甲子園八番町1-100 ららぽーと甲子園2F,,,https://www.popondetta.com/koshien/index.html,https://www.popondetta.com/map.html,2026-09-28,"Model railway shop (new and used N/HO, books, goods) with a rental layout",鉄道模型店。N・HOの新品・中古、書籍、グッズ、レンタルレイアウトあり,
popondetta-aeon-mall-okayama,popondetta,shop,ポポンデッタ イオンモール岡山店,Popondetta Aeon Mall Okayama,岡山県岡山市北区下石井1丁目2番1号 イオンモール岡山5F,,,https://www.popondetta.com/okayama/index.html,https://www.popondetta.com/map.html,2026-09-28,"Model railway shop (new and used N/HO, books, goods) with a rental layout",鉄道模型店。N・HOの新品・中古、書籍、グッズ、レンタルレイアウトあり,
popondetta-hiroshima-minamoa,popondetta,shop,ポポンデッタ 広島ミナモア店,Popondetta Hiroshima minamoa,広島県広島市南区松原町2-37 広島駅ビルミナモア5F,,,https://www.popondetta.com/hiroshima/index.html,https://www.popondetta.com/map.html,2026-09-28,"Model railway shop (new and used N/HO, books, goods) with a rental layout; in the Hiroshima Station building",広島駅ビル内の鉄道模型店。N・HOの新品・中古、書籍、グッズ、レンタルレイアウトあり,
popondetta-amu-plaza-hakata,popondetta,shop,ポポンデッタ アミュプラザ博多店,Popondetta Amu Plaza Hakata,福岡県福岡市博多区博多駅中央街1-1 JR博多シティ アミュプラザ博多8F,,,https://www.popondetta.com/hakata/index.html,https://www.popondetta.com/map.html,2026-09-28,"Model railway shop (new and used N/HO, books, goods) with a rental layout; in the Hakata Station building",博多駅ビル内の鉄道模型店。N・HOの新品・中古、書籍、グッズ、レンタルレイアウトあり,
popondetta-aeon-mall-chikushino,popondetta,shop,ポポンデッタ イオンモール筑紫野店,Popondetta Aeon Mall Chikushino,福岡県筑紫野市大字立明寺434-1 イオンモール筑紫野3F,,,https://www.popondetta.com/chikushino/index.html,https://www.popondetta.com/map.html,2026-09-28,"Model railway shop (new and used N/HO, books, goods) with a rental layout",鉄道模型店。N・HOの新品・中古、書籍、グッズ、レンタルレイアウトあり,
shosen-grande,shosen,shop,書泉グランデ,Shosen Grande,東京都千代田区神田神保町1-3-2,,,https://www.shosen.co.jp/grande/,https://www.shosen.co.jp/grande/,2026-09-28,Hobby bookshop in Jimbocho with a dedicated railway and bus floor,神保町の趣味の書店。鉄道・バスの専門フロアあり,
shosen-book-tower,shosen,shop,書泉ブックタワー,Shosen Book Tower,東京都千代田区神田佐久間町1-11-1,,,https://www.shosen.co.jp/tower/,https://www.shosen.co.jp/tower/,2026-09-28,Multi-floor bookshop in Akihabara with a railway and transport books floor and railway goods,秋葉原の複数階の書店。鉄道・乗り物書のフロアと鉄道グッズ,
aishokan-nakagawa-shobo-jimbocho,independent,shop,愛書館 中川書房 神田神保町本店,Aishokan Nakagawa Shobo Jimbocho,東京都千代田区神田神保町2-3-11,,,https://www.koshokaitori.com/railway/,https://www.koshokaitori.com/railway/,2026-09-28,"Secondhand bookshop known for railway books, timetables, tickets and railway documents",鉄道書、時刻表、切符、鉄道資料で知られる古書店,
tec-zero,independent,shop,テック・ゼロ,TEC-ZERO,東京都豊島区南大塚2-14-8 2階,,,http://www.tec-zero.jp/,http://www.tec-zero.jp/information.html,2026-09-28,"Retired railway parts shop with destination boards, rollsigns, station signs and number plates",行先板、方向幕、駅名標、ナンバープレートなどの鉄道部品店,
tetsudo-soko,independent,shop,鉄道倉庫,Tetsudo Soko,東京都墨田区両国2-21-5 両国ダイカンプラザ4F 407号室,,,http://www.5861.jp/,http://www.5861.jp/access/index.html,2026-09-28,"Retired railway parts shop near Ryogoku Station, open three days a week",両国駅近くの鉄道部品店。週3日営業,
freightliner,independent,shop,フレイトライナー,Freightliner,埼玉県和光市白子3-36-40,,,http://freight.co.jp/,http://freight.co.jp/,2026-09-28,"Railway parts, model and book shop near Narimasu, open weekends only",成増近くの鉄道部品・模型・書籍の店。土日のみ営業,
discount-shop-yoshimura-moji,independent,shop,ディスカウントショップ よしむら,Discount Shop Yoshimura (Moji),福岡県北九州市門司区下二十町6-18,,,https://moji-yoshimura.ocnk.net/,https://moji-yoshimura.ocnk.net/info,2026-09-28,Shop in Moji selling retired railway parts such as destination boards and builder plates; limited hours,門司の鉄道部品店。行先板や製造銘板など。営業時間は限られる,
karamatsu-train-sapporo,karamatsu,shop,カラマツトレイン 札幌本店,Karamatsu Train Sapporo,北海道札幌市中央区北2条東13丁目26 JNFビル1F,,,https://www.karamatsu-train.jp/sapporohoten-index.html,https://www.karamatsu-train.jp/sapporohoten-index.html,2026-09-28,"Railway parts, tickets and model trains bought and sold; head store of the chain",鉄道部品、切符、鉄道模型の買取・販売。チェーンの本店,
karamatsu-train-morioka,karamatsu,shop,カラマツトレイン 盛岡店,Karamatsu Train Morioka,岩手県盛岡市材木町7-42 宮重ビル1階,,,https://www.karamatsu-train.jp/morioka-index.html,https://www.karamatsu-train.jp/morioka-index.html,2026-09-28,"Railway parts, tickets and model trains bought and sold",鉄道部品、切符、鉄道模型の買取・販売,
karamatsu-train-shinjuku,karamatsu,shop,カラマツトレイン 新宿店,Karamatsu Train Shinjuku,東京都新宿区西新宿1-14-10 西新宿ビル3F,,,https://www.karamatsu-train.jp/shinjuuku-index.htm,https://www.karamatsu-train.jp/shinjuuku-index.htm,2026-09-28,"Railway parts, tickets and model trains bought and sold",鉄道部品、切符、鉄道模型の買取・販売,
karamatsu-train-kanda-ekimae,karamatsu,shop,カラマツトレイン 神田駅前店,Karamatsu Train Kanda Ekimae,東京都千代田区内神田3-20-1 有美ビル4F,,,https://www.karamatsu-train.jp/kandaakiba-index.htm,https://www.karamatsu-train.jp/kandaakiba-index.htm,2026-09-28,"Railway tickets, parts, books and models bought and sold",鉄道の切符、部品、書籍、模型の買取・販売,
karamatsu-train-nagoya,karamatsu,shop,カラマツトレイン 名古屋店,Karamatsu Train Nagoya,愛知県名古屋市港区港栄4丁目3-25,,,https://www.karamatsu-train.jp/nagoya-index.htm,https://www.karamatsu-train.jp/nagoya-index.htm,2026-09-28,"Railway parts, tickets and model trains bought and sold",鉄道部品、切符、鉄道模型の買取・販売,
karamatsu-train-nagano,karamatsu,shop,カラマツトレイン 長野店,Karamatsu Train Nagano,長野県長野市栗田1015 NKコーポ201,,,https://www.karamatsu-train.jp/nagano-index.htm,https://www.karamatsu-train.jp/nagano-index.htm,2026-09-28,"Railway parts, tickets, models and bus items bought and sold",鉄道部品、切符、模型、バス用品の買取・販売,
karamatsu-train-shiojiri,karamatsu,shop,カラマツトレイン 塩尻店,Karamatsu Train Shiojiri,長野県塩尻市大門八番町12-27,,,https://www.karamatsu-train.jp/shiogiri-index.htm,https://www.karamatsu-train.jp/shiogiri-index.htm,2026-09-28,"Railway parts, tickets and model trains bought and sold",鉄道部品、切符、鉄道模型の買取・販売,
karamatsu-train-kyoto-tenshitsukinuke,karamatsu,shop,カラマツトレイン 京都天使突抜店,Karamatsu Train Kyoto Tenshitsukinuke,京都府京都市下京区天使突抜2丁目402-1,,,https://www.karamatsu-train.jp/kyoto-index.htm,https://www.karamatsu-train.jp/kyoto-index.htm,2026-09-28,"Railway parts, tickets and models; currently opens on irregular days",鉄道部品、切符、模型の店。現在は不定期営業,
karamatsu-train-izu-kogen-station,karamatsu,shop,カラマツトレイン 伊豆高原駅店,Karamatsu Train Izu-Kogen Station,静岡県伊東市八幡野1183番地 伊豆高原駅 やまもプラザ,,,https://www.karamatsu-train.jp/izukougen.html,https://www.karamatsu-train.jp/izukougen.html,2026-09-28,"Railway goods and parts shop at Izukyu Izu-Kogen Station, open mainly at weekends",伊豆急伊豆高原駅の鉄道グッズ・部品の店。主に週末営業,
karamatsu-train-takasaki,karamatsu,shop,カラマツトレイン FC高崎店,Karamatsu Train Takasaki,群馬県高崎市鶴見町10-1,,,https://www.takasaki.karamatsu-train.jp/,https://www.takasaki.karamatsu-train.jp/,2026-09-28,"Franchise store for railway parts, tickets and models",鉄道部品、切符、模型のフランチャイズ店,
karamatsu-train-kobe,karamatsu,shop,カラマツトレイン FC神戸店,Karamatsu Train Kobe,兵庫県神戸市中央区多聞通1-1-7 笹倉ビル1F,,,https://www.kobe.karamatsu-train.jp/,https://www.kobe.karamatsu-train.jp/,2026-09-28,"Franchise store for railway parts, tickets and models",鉄道部品、切符、模型のフランチャイズ店,
karamatsu-train-hakata,karamatsu,shop,カラマツトレイン GP博多店,Karamatsu Train Hakata,福岡県福岡市博多区千代3-1-13 パピルスⅡ 1F,,,https://www.hakata-karamatsu-train.jp/,https://www.hakata-karamatsu-train.jp/,2026-09-28,"Railway parts, tickets and model trains bought and sold",鉄道部品、切符、鉄道模型の買取・販売,
tenshodo-ginza-model-railway,tenshodo,shop,天賞堂 銀座本店（模型）,Tenshodo Ginza (Model Railway),東京都中央区銀座4-3-9 天賞堂ビル3F,,,https://www.tenshodo.co.jp/company,https://www.tenshodo.co.jp/company,2026-09-28,"Model railway maker's own shop for HO, N, Z and G gauge plus tools and materials",鉄道模型メーカー直営店。HO・N・Z・Gゲージと工具・材料,
models-imon-shibuya,imon,shop,Models IMON 渋谷店,Models IMON Shibuya,東京都渋谷区道玄坂2-6-16 井門道玄坂ビル7F,,,https://www.imon.co.jp/models/shopinfo.mbr/list,https://www.imon.co.jp/models/shopinfo.mbr/list,2026-09-28,"Largest IMON branch covering all gauges including Z, with a rental layout",IMON最大の店舗。Zを含む全ゲージ、レンタルレイアウトあり,
models-imon-oi,imon,shop,Models IMON 大井店,Models IMON Oi,東京都品川区東大井5-15-3 井門大井町ビル 3F,,,https://www.imon.co.jp/models/shopinfo.mbr/list,https://www.imon.co.jp/models/shopinfo.mbr/list,2026-09-28,Model railway shop by Oimachi station with an in-store layout,大井町駅そばの鉄道模型店。店内レイアウトあり,
models-imon-yokohama,imon,shop,Models IMON 横浜店,Models IMON Yokohama,神奈川県横浜市西区南幸1-11-2 浜西ビル5F,,,https://www.imon.co.jp/models/shopinfo.mbr/list,https://www.imon.co.jp/models/shopinfo.mbr/list,2026-09-28,Model railway shop near Yokohama station with a three-line rental layout,横浜駅近くの鉄道模型店。3線のレンタルレイアウトあり,
models-imon-akihabara,imon,shop,Models IMON 秋葉原店,Models IMON Akihabara,東京都千代田区外神田1-9-9 内田ビル3F,,,https://www.imon.co.jp/models/shopinfo.mbr/list,https://www.imon.co.jp/models/shopinfo.mbr/list,2026-09-28,"Model railway shop sharing a floor with IMON's used and consignment counter, MONTA",IMONの中古・委託コーナー「MONTA」と同じフロアの鉄道模型店,
models-imon-ikebukuro,imon,shop,Models IMON 池袋店,Models IMON Ikebukuro,東京都豊島区西池袋1-18-1 五光ビル6F,,,https://www.imon.co.jp/models/shopinfo.mbr/list,https://www.imon.co.jp/models/shopinfo.mbr/list,2026-09-28,"Model railway shop at Ikebukuro west exit, strong in 16番 brass and kits",池袋西口の鉄道模型店。16番の真鍮モデルやキットに強い,
models-imon-shinjuku,imon,shop,Models IMON 新宿店,Models IMON Shinjuku,東京都新宿区西新宿1-16-4 井門西新宿ビル3階,,,https://www.imon.co.jp/models/shopinfo.mbr/list,https://www.imon.co.jp/models/shopinfo.mbr/list,2026-09-28,Model railway shop in west Shinjuku with a rental layout,西新宿の鉄道模型店。レンタルレイアウトあり,
hobbyland-pochi-akihabara-1,pochi,shop,ホビーランドぽち 秋葉原1号店,Hobbyland Pochi Akihabara 1,東京都千代田区外神田3-1-10 OAK akihabara 2階,,,https://hobbyland-pochi.net/pages/store.php,https://hobbyland-pochi.net/pages/store.php,2026-09-28,"New and used model railway shop for N and HO gauge, parts and controllers",N・HOの新品・中古、パーツ、コントローラーの鉄道模型店,
hobbyland-pochi-akihabara-2,pochi,shop,ホビーランドぽち 秋葉原2号店,Hobbyland Pochi Akihabara 2,東京都千代田区外神田1-14-7 秋葉原野村ビル6階,,,https://hobbyland-pochi.net/pages/store.php,https://hobbyland-pochi.net/pages/store.php,2026-09-28,New and used model railway shop including foreign-outline models,海外型も扱う新品・中古の鉄道模型店,
hobbyland-pochi-shinjuku,pochi,shop,ホビーランドぽち 新宿店,Hobbyland Pochi Shinjuku,東京都新宿区西新宿1-15-6 NASAビル3階・4階,,,https://hobbyland-pochi.net/pages/store.php,https://hobbyland-pochi.net/pages/store.php,2026-09-28,New and used model railway shop over two floors with some other hobby goods,2フロアの新品・中古の鉄道模型店。ほかのホビー用品も少し,
hobbyland-pochi-yokohama,pochi,shop,ホビーランドぽち 横浜店,Hobbyland Pochi Yokohama,神奈川県横浜市西区南幸2-17-7 ヴェルディ横浜1階,,,https://hobbyland-pochi.net/pages/store.php,https://hobbyland-pochi.net/pages/store.php,2026-09-28,New and used N and HO gauge model railway shop,N・HOの新品・中古の鉄道模型店,
hobbyland-pochi-kawasaki,pochi,shop,ホビーランドぽち 川崎店,Hobbyland Pochi Kawasaki,神奈川県川崎市川崎区駅前本町7-5 大西ビル2階,,,https://hobbyland-pochi.net/pages/store.php,https://hobbyland-pochi.net/pages/store.php,2026-09-28,"Used model railway and hobby shop with N and HO gauge, layouts and controllers",N・HOの中古鉄道模型とホビーの店。レイアウト用品やコントローラーも,
hobbyland-pochi-omiya-marui,pochi,shop,ホビーランドぽち 大宮マルイ店,Hobbyland Pochi Omiya Marui,埼玉県さいたま市大宮区桜木町2-3 大宮マルイ5階,,,https://hobbyland-pochi.net/pages/store.php,https://hobbyland-pochi.net/pages/store.php,2026-09-28,New and used model railway shop inside Omiya Marui,大宮マルイ内の新品・中古の鉄道模型店,
hobbyland-pochi-tsukamoto,pochi,shop,ホビーランドぽち 塚本店,Hobbyland Pochi Tsukamoto,大阪府大阪市西淀川区柏里3-12-29,,,https://hobbyland-pochi.net/pages/store.php,https://hobbyland-pochi.net/pages/store.php,2026-09-28,New and used N and HO gauge model railway shop,N・HOの新品・中古の鉄道模型店,
hobbyland-pochi-nipponbashi-1,pochi,shop,ホビーランドぽち 日本橋1号店,Hobbyland Pochi Nipponbashi 1,大阪府大阪市浪速区日本橋4-7-26 ワンダー3ビル1階,,,https://hobbyland-pochi.net/pages/store.php,https://hobbyland-pochi.net/pages/store.php,2026-09-28,New and used model railway shop in Osaka's Den Den Town,大阪でんでんタウンの新品・中古の鉄道模型店,
hobbyland-pochi-umeda,pochi,shop,ホビーランドぽち 梅田店,Hobbyland Pochi Umeda,大阪府大阪市北区芝田2-5-14 明石ビル1階,,,https://hobbyland-pochi.net/pages/store.php,https://hobbyland-pochi.net/pages/store.php,2026-09-28,New and used N and HO gauge model railway shop,N・HOの新品・中古の鉄道模型店,
hobbyland-pochi-kobe,pochi,shop,ホビーランドぽち 神戸店,Hobbyland Pochi Kobe,兵庫県神戸市中央区三宮町2-11-1 センタープラザ西館2階,,,https://hobbyland-pochi.net/pages/store.php,https://hobbyland-pochi.net/pages/store.php,2026-09-28,New and used N and HO gauge model railway shop,N・HOの新品・中古の鉄道模型店,
hobbyland-pochi-kyoto,pochi,shop,ホビーランドぽち 京都店,Hobbyland Pochi Kyoto,京都府京都市中京区下大阪町349番地6 イシズミ河原町ビル2階,,,https://hobbyland-pochi.net/pages/store.php,https://hobbyland-pochi.net/pages/store.php,2026-09-28,New and used N and HO gauge model railway shop,N・HOの新品・中古の鉄道模型店,
hobbyland-pochi-nagoya,pochi,shop,ホビーランドぽち 名古屋店,Hobbyland Pochi Nagoya,愛知県名古屋市中村区名駅2-45-10 川島ビル2階,,,https://hobbyland-pochi.net/pages/store.php,https://hobbyland-pochi.net/pages/store.php,2026-09-28,"New and used model railway shop for N, HO and Z gauge, domestic and foreign makers",国内外メーカーのN・HO・Zゲージを扱う新品・中古の鉄道模型店,
hobbyland-pochi-hakata,pochi,shop,ホビーランドぽち 博多店,Hobbyland Pochi Hakata,福岡県福岡市博多区博多駅東2-2-13 博多駅前ビル2F,,,https://hobbyland-pochi.net/pages/store.php,https://hobbyland-pochi.net/pages/store.php,2026-09-28,New and used model railway shop with some toys and hobby goods,新品・中古の鉄道模型店。おもちゃ・ホビー用品も少し,
hobby-center-kato-tokyo,kato,shop,ホビーセンターカトー東京,Hobby Center KATO Tokyo,東京都新宿区西落合1-24-10,,,https://www.hobbycenterkato.com/tokyo,https://www.hobbycenterkato.com/tokyo,2026-09-28,"KATO's own shop at its head office, with a large layout, repair counter and driving corner",KATO本社の直営店。大きなレイアウト、修理窓口、運転コーナーあり,
kato-model-trains-kyoto-station,kato,shop,KATO京都駅店,KATO Model-Trains Kyoto Station,京都府京都市下京区烏丸通塩小路下る東塩小路町901 京都駅ビル9階,,,https://www.katomodels-kyoto.com/,https://www.katomodels-kyoto.com/storeinfo,2026-09-28,KATO concept shop in Kyoto Station Building selling its own and shop-exclusive models,京都駅ビルのKATOのコンセプトショップ。店舗限定品も,
greenmax-the-store-akihabara,greenmax,shop,グリーンマックス・ザ・ストア 秋葉原店,GREENMAX The Store Akihabara,東京都千代田区外神田1-9-9 内田ビル5F,,,http://www.gm-store.co.jp/Shops/store_akiba.shtml,https://www.greenmax.co.jp/company/,2026-09-28,"GreenMax's own N gauge shop focused on kits, parts and after-sales",グリーンマックス直営のNゲージ店。キット、パーツ、アフターサービス,
greenmax-the-store-nagoya-osu,greenmax,shop,グリーンマックス・ザ・ストア ナゴヤ大須店,GREENMAX The Store Nagoya Osu,愛知県名古屋市中区大須3-5-6 矢場町サンコービル2階,,,http://www.gm-store.co.jp/Shops/store_nagoya.shtml,https://www.greenmax.co.jp/company/,2026-09-28,"GreenMax's own N gauge shop focused on kits, parts and after-sales",グリーンマックス直営のNゲージ店。キット、パーツ、アフターサービス,
katsumi-yurakucho,katsumi,shop,カツミ 有楽町店,Katsumi Yurakucho,東京都千代田区有楽町1-7-1 有楽町電気ビルB1F,,,https://www.ktm-models.co.jp/shop-yurakucho.html,https://www.ktm-models.co.jp/shop-yurakucho.html,2026-09-28,HO gauge maker's own shop selling new and used models,HOゲージメーカー直営の新品・中古の店,
katsumi-ikebukuro,katsumi,shop,カツミ 池袋店,Katsumi Ikebukuro,東京都豊島区西池袋3-28-1 藤久ビル西2号館 B1F,,,https://www.ktm-models.co.jp/shop-ikebukuro.html,https://www.ktm-models.co.jp/shop-ikebukuro.html,2026-09-28,HO gauge maker's own shop selling new and used models,HOゲージメーカー直営の新品・中古の店,
katsumi-yokohama,katsumi,shop,カツミ 横浜店,Katsumi Yokohama,神奈川県横浜市西区みなとみらい2-2-1-2 ランドマークプラザ5F,,,https://www.ktm-models.co.jp/shop-yokohama.html,https://www.ktm-models.co.jp/shop-yokohama.html,2026-09-28,HO gauge maker's own shop in Landmark Plaza,ランドマークプラザにあるHOゲージメーカー直営店,
katsumi-osaka,katsumi,shop,カツミ 大阪店,Katsumi Osaka,大阪府大阪市北区曽根崎新地2-3-3 桜橋西ビル1F,,,https://www.ktm-models.co.jp/shop-osaka.html,https://www.ktm-models.co.jp/shop-osaka.html,2026-09-28,"HO gauge specialist shop with vehicles, parts and used models",車両・パーツ・中古を扱うHOゲージ専門店,
echo-model,independent,shop,エコーモデル,Echo Model,東京都板橋区蓮沼町53-7,,,https://www.echomodel.com/,https://www.echomodel.com/,2026-09-28,"Long-running 16番/HO shop and parts maker, strong in kits, detail parts and tools",16番・HOの老舗でパーツメーカー。キット、ディテールパーツ、工具に強い,
big-yard-nakano-broadway,independent,shop,BIG YARD 中野ブロードウェイ店,BIG YARD Nakano Broadway,東京都中野区中野5-52-15 中野ブロードウェイ2F,,,https://www.e-2ndstage.com/,https://www.e-2ndstage.com/company.php,2026-09-28,Used N gauge model railway shop that buys and sells,Nゲージ中古の買取・販売の店,
rail-meister,independent,shop,鉄道模型専門店 レールマイスター,Rail Meister,東京都千代田区外神田1-6-1 外神田ビル2階,,,https://www.rail-meister.co.jp/shopAKIBA/,https://www.rail-meister.co.jp/shopAKIBA/,2026-09-28,"N gauge shop selling new, used and its own detailed private-railway models",Nゲージの新品・中古と、自社の精密な私鉄模型の店,
chiyoda-rail-center,independent,shop,チヨダレールセンター,Chiyoda Rail Center,東京都千代田区外神田3-16-17 7階,,,https://chiyodarail.net/,https://chiyodarail.net/,2026-09-28,Akihabara model railway shop focused on rolling stock,車両に力を入れる秋葉原の鉄道模型店,
joshin-super-kids-land-main-store,joshin,shop,ジョーシン スーパーキッズランド本店,Joshin Super Kids Land Main Store,大阪府大阪市浪速区日本橋4-12-4,,,https://store.joshin.co.jp/detail/1746/,https://store.joshin.co.jp/detail/1746/,2026-09-28,Large multi-floor hobby store in Nipponbashi with an extensive model railway section,日本橋の大型ホビー店。鉄道模型の売り場が広い,
joshin-super-kids-land-osu,joshin,shop,ジョーシン スーパーキッズランド大須店,Joshin Super Kids Land Osu,愛知県名古屋市中区大須4-2-48,,,https://store.joshin.co.jp/detail/1692/,https://store.joshin.co.jp/detail/1692/,2026-09-28,Multi-floor hobby store in Osu with a model railway section,大須の複数階のホビー店。鉄道模型売り場あり,
kameya-model-railway-shop,independent,shop,鉄道模型の店 亀屋,Kameya Model Railway Shop,大阪府大阪市浪速区日本橋3-6-22 布谷ビル7F,,,http://www.osakakameya.com/,http://www.osakakameya.com/,2026-09-28,Nipponbashi model railway shop with N and HO rental layouts and its own brass kits,日本橋の鉄道模型店。N・HOのレンタルレイアウトと自社の真鍮キット,
add,independent,shop,ADD,ADD,大阪府大阪市北区兎我野町4-25 梶原ビル3F,,,http://www.addi.jp/,http://www.addi.jp/,2026-09-28,"Umeda model railway shop dealing in HO models, kits and parts, new and used",梅田の鉄道模型店。HOの完成品・キット・パーツ、新品・中古,
model-shop-maroon,independent,shop,モデルショップ マルーン,Model Shop Maroon,大阪府大阪市淀川区塚本2丁目29-17 ヴィラシティー塚本 1F,,,https://matsumoto-shoji.net/greeting.html,https://matsumoto-shoji.net/greeting.html,2026-09-28,"Model railway shop of wholesaler Matsumoto Shoji, Z to G gauge; moved from Hankyu Umeda to Tsukamoto in 2025",卸の松本商事の鉄道模型店。ZからGゲージ。2025年に阪急梅田から塚本へ移転,
hobby-shop-cosmo,independent,shop,ホビーショップ コスモ,Hobby Shop Cosmo,京都府京都市西京区川島三重町85-3,,,http://www.cosmogalaxy.jp/,http://www.cosmogalaxy.jp/,2026-09-28,"Kyoto shop for N and HO model railways, also ship models and etched parts",N・HOの鉄道模型の京都の店。艦船模型やエッチングパーツも,
rail-gallery-rokko,independent,shop,れーるぎゃらりーろっこう,Rail Gallery Rokko,兵庫県神戸市灘区高徳町4-1-21,,,https://www.railgallery-r.com/,https://www.railgallery-r.com/,2026-09-28,"Kobe model railway shop covering Japanese and imported HO, with repair service",国産・輸入HOを扱う神戸の鉄道模型店。修理も,
hayakawa-mokei-nakamura,independent,shop,早川模型製作所 中村店,Hayakawa Mokei Nakamura,愛知県名古屋市中村区若宮町3-36,,,https://hayakawa-mokei.com/,https://hayakawa-mokei.com/,2026-09-28,Long-established Nagoya model railway shop selling N and HO,N・HOを扱う名古屋の老舗鉄道模型店,
hayakawa-mokei-kanayama,independent,shop,早川模型製作所 金山店,Hayakawa Mokei Kanayama,愛知県名古屋市中区金山5-6-10,,,https://hayakawa-mokei.com/,https://hayakawa-mokei.com/,2026-09-28,"Kanayama branch of Hayakawa Mokei, open Friday to Sunday",早川模型の金山店。金〜日曜営業,
abe-mokei,independent,shop,アベ模型,Abe Mokei,宮城県仙台市青葉区一番町4-9-18 TICビル1F,,,http://abemokei.com/,http://abemokei.com/,2026-09-28,Sendai model shop founded in 1942 focusing on N gauge and die-cast cars,1942年創業の仙台の模型店。Nゲージとダイキャストカー,
rail-park-sapporo,independent,shop,RAIL PARK Sapporo,Rail Park Sapporo,北海道札幌市豊平区中の島1条1丁目7-8 マルトビル2F,,,https://www.railpark.net/,https://www.railpark.net/,2026-09-28,N gauge rental layout venue that also sells models and layout supplies,Nゲージのレンタルレイアウト。模型やレイアウト用品も販売,
fujiwara-mokeiten,independent,shop,藤原模型店,Fujiwara Mokeiten,広島県広島市東区光町2丁目9番24号 広島ロードビル1階,,,https://www.fujiwaramokeiten.jp/,https://www.fujiwaramokeiten.jp/,2026-09-28,Hiroshima model railway shop; set to close in June 2027 and reopen as Model Tablet,広島の鉄道模型店。2027年6月に閉店し「Model Tablet」として再開予定,
okayama-mokeiten-dan,independent,shop,岡山模型店DAN,Okayama Mokeiten DAN,岡山県岡山市中区国富973,,,http://www.lok.jp/,http://www.lok.jp/,2026-09-28,Railway-only model shop specialising in HO/16-ban and narrow gauge,鉄道模型専門店。HO・16番とナローゲージ,
shumi-no-mise-tetsudo-mokeiya-fukuoka,independent,shop,趣味の店、鉄道模型屋 福岡店,Shumi no Mise Tetsudo Mokeiya Fukuoka,福岡県福岡市中央区輝国2丁目11番45号,,,https://syuminomise.jimdofree.com/,https://syuminomise.jimdofree.com/,2026-09-28,Small Fukuoka model railway shop selling N and HO including small-maker kits,小メーカーのキットも扱うN・HOの福岡の小さな鉄道模型店,
shumi-no-mise-tetsudo-mokeiya-oita,independent,shop,趣味の店、鉄道模型屋 大分店,Shumi no Mise Tetsudo Mokeiya Oita,大分県大分市金池町1丁目5番7号,,,https://syuminomise.jimdofree.com/,https://syuminomise.jimdofree.com/,2026-09-28,Oita branch of the Fukuoka model railway shop,福岡の鉄道模型店の大分店,
trainiart-tokyo,jr-east,shop,TRAINIART TOKYO（トレニアート トウキョウ）,TRAINIART TOKYO,東京都千代田区丸の内1-9-1 JR東日本東京駅構内地下1階改札内,,,https://www.gransta.jp/mall/gransta_tokyo/trainiarttokyo/,https://www.ejrt.co.jp/trainiart/shop/,2026-09-28,Railway design goods and Tokyo Station exclusives; inside the ticket gates at GranSta Tokyo B1,鉄道デザイングッズと東京駅限定品の店。グランスタ東京B1の改札内,
general-store-railyard-akihabara,jr-east,shop,GENERAL STORE RAILYARD 秋葉原,General Store Railyard Akihabara,東京都千代田区外神田1-17-6 JR秋葉原駅 昭和通り口改札外,,,https://shop.jr-cross.co.jp/eki/spot/detail?code=1063200,https://retail.jr-cross.co.jp/brand/index.html,2026-09-28,JR East group railway goods shop with original and upcycled train items; outside the Showa-dori gate,JR東日本グループの鉄道グッズ店。オリジナルや車両部材のアップサイクル品。昭和通り口の外,
general-store-railyard-omiya,jr-east,shop,GENERAL STORE RAILYARD 大宮,General Store Railyard Omiya,埼玉県さいたま市大宮区錦町630 JR大宮駅 2F 西口コンコース内,,,https://shop.jr-cross.co.jp/eki/spot/detail?code=1221637,https://retail.jr-cross.co.jp/brand/index.html,2026-09-28,JR East group railway goods shop in the Omiya station concourse; the first Railyard store,JR東日本グループの鉄道グッズ店。大宮駅コンコース。レイルヤードの1号店,
keikyu-goods-shop-otodokeikyu-samezu,keikyu,shop,京急グッズショップ「おとどけいきゅう」鮫洲店,Keikyu Goods Shop Otodokeikyu Samezu,東京都品川区東大井1-2-20 京急線鮫洲駅構内改札外,,,https://www.otodokeikyu-sc.com/,https://www.keikyu-store.co.jp/list/?keyword=%E9%AE%AB%E6%B4%B2,2026-09-28,Keikyu-licensed goods shop at Samezu Station selling official Keikyu merchandise; open Wed-Sun,京急公式グッズの店。鮫洲駅。水〜日曜営業,
toeiro-toei-transportation-shop,toei,shop,都営交通沿線セレクトショップ「とえいろ」,Toeiro (Toei Transportation shop),東京都千代田区九段南4-8-22 都営新宿線市ヶ谷駅構内,,,https://www.kotsu.metro.tokyo.jp/other/toeiro/,https://www.kotsu.metro.tokyo.jp/pickup_information/news/others/2026/otr_i_2026051412659_h.html,2026-09-28,"Tokyo Metropolitan Bureau of Transportation's own shop in Ichigaya Station with Toei subway, bus and tram goods plus line-side products",都営交通の直営店。市ヶ谷駅。都営地下鉄・バス・都電のグッズや沿線の品,
enoden-goods-shop-fujisawa,enoden,shop,江ノ電グッズショップ藤沢,Enoden Goods Shop Fujisawa,神奈川県藤沢市南藤沢21-1,,,https://www.enoden-net.com/shop/fujisawa/,https://www.enoden-net.com/shop/,2026-09-28,Enoshima Electric Railway's official goods shop next to Enoden Fujisawa Station,江ノ電公式グッズの店。江ノ電藤沢駅となり,
enoden-goods-shop-enoshima,enoden,shop,江ノ電グッズショップ江ノ島,Enoden Goods Shop Enoshima,神奈川県藤沢市片瀬海岸1-8-5,,,https://www.enoden-net.com/shop/enoshima/,https://www.enoden-net.com/shop/,2026-09-28,Enoshima Electric Railway's official goods shop by Enoshima Station,江ノ電公式グッズの店。江ノ島駅そば,
sotetsu-goods-store-futamatagawa,sotetsu,shop,SOTETSU GOODS STORE 二俣川,Sotetsu Goods Store Futamatagawa,神奈川県横浜市旭区二俣川2-91-7 相鉄線二俣川駅構内,,,https://www.sotetsu.co.jp/life/goods-store/,https://www.sotetsu.co.jp/life/goods-store/,2026-09-28,"Sotetsu's official goods shop inside Futamatagawa Station, with a former cab on display; closed Wednesdays",相鉄公式グッズの店。二俣川駅構内、運転台の展示あり。水曜定休,
tokachi-toteppo-kobo,independent,cafe,十勝トテッポ工房,Tokachi Toteppo Kobo,北海道帯広市西6条南17丁目3-1,,,https://toteppo-factory.com/,https://toteppo-factory.com/cafe_shop.php,2026-09-28,Sweets café on the former Tokachi Railway line and named after it; seating styled as a dining car with train seats,旧十勝鉄道の線路跡にある、その名を冠したスイーツカフェ。食堂車風の客席に列車の座席,
nahanef-kissashitsu,independent,cafe,なはねふ喫茶室,Nahanef Kissashitsu,北海道江別市大麻泉町7-14,,,https://orangemint.exblog.jp/,https://orangemint.exblog.jp/,2026-09-28,Coffee shop with an N-gauge layout where guests can run their own trains,Nゲージのレイアウトで自分の列車を走らせられる喫茶店,
kiha,independent,bar,キハ,Kiha,東京都中央区日本橋堀留町1-6-11,,,https://www.kiha-sake.com/,https://x.com/kiha_syasyou/status/2091092364995825710,2026-09-28,Cup-sake and canned-food standing bar themed on a train journey; upstairs room fitted out like a commuter car,ワンカップと缶詰の立ち飲みバー。列車旅がテーマで、2階は通勤電車風の部屋,
bar-ginza-panorama-shibuya,independent,bar,バー銀座パノラマ 渋谷店,Bar Ginza Panorama Shibuya,東京都渋谷区道玄坂1-17-12 野々ビル3階,,,https://panoramashibuya.com/,https://x.com/panoramashibuya/status/2104223900230103430,2026-09-28,Bar built around a 7 m² N-gauge layout including Shibuya Station; guests can run their own trains,渋谷駅を含む7m²のNゲージレイアウトを囲むバー。自分の列車を走らせられる,
curry-station-niagara,independent,restaurant,カレーステーション ナイアガラ,Curry Station Niagara,東京都目黒区祐天寺1-21-2,,,https://niagaracurry.com/,https://niagaracurry.com/station/,2026-09-28,"Curry house styled as an old dining car and station, with railway fittings; a model train delivers dishes",昔の食堂車と駅を模したカレー店。鉄道部品が飾られ、模型の列車が料理を運ぶ,
plarail-cafe-kotetsu,independent,cafe,プラレールが走るカフェ 子鉄,Plarail Cafe Kotetsu,東京都荒川区西尾久7-19-11,,,https://ameblo.jp/kotetsu-cafe/,https://ameblo.jp/kotetsu-cafe/,2026-09-28,Family café with Plarail layouts children can play with; run by a former limited-express conductor,子ども向けのプラレールカフェ。元特急車掌の店,
cafe-purataku,independent,cafe,カフェ プラたく,Cafe Purataku,東京都葛飾区高砂3-8-16,,,https://www.instagram.com/pulataku/,https://www.instagram.com/pulataku/,2026-09-28,Café with Plarail trains running on a central layout and on track along the ceiling,中央のレイアウトと天井沿いの線路をプラレールが走るカフェ,
a-ta-gueule,independent,restaurant,アタゴール,A ta gueule,東京都江東区木場3-19-8,,,https://www.atagueule.com/,https://www.atagueule.com/,2026-09-28,French restaurant with a sleeper-car style dining room; chef formerly cooked aboard the Orient Express,寝台車風の食堂のフレンチ。シェフはオリエント急行の元料理人,
station-restaurant-the-central,independent,restaurant,STATION RESTAURANT THE CENTRAL,Station Restaurant The Central,東京都千代田区丸の内1-9-1 JR東京駅改札内 B1F グランスタ東京 スクエアゼロエリア,,,https://www.gransta.jp/mall/gransta_tokyo/station_resutaurant/,https://x.com/sr_the_central,2026-09-28,"Restaurant inside Tokyo Station's gates designed as a classic dining car, serving dining-car dishes like hayashi rice",東京駅改札内の食堂車風レストラン。ハヤシライスなど食堂車の料理,
diorama-cafe-radenow,independent,cafe,ジオラマカフェ Radenow,Diorama Cafe Radenow,東京都武蔵野市境2-4-3 スヤマ武蔵野 2階2号室,,,https://radenow.amebaownd.com/,https://radenow.amebaownd.com/,2026-09-28,Reservation-only café with N and HO layouts guests can rent to run trains,予約制のカフェ。N・HOのレイアウトを借りて列車を走らせられる,
grand-chariot,independent,restaurant,グランシャリオ,Grand Chariot,埼玉県川口市戸塚3丁目31-31 ピュアヴィレッジ,,,https://kawaguchi-pure-village.com/shop,https://kawaguchi-pure-village.com/shop,2026-09-28,"Restaurant and bakery inside the retired Hokutosei sleeper train's dining car, with original fittings",引退した寝台特急「北斗星」の食堂車を使ったレストランとパン屋。当時の内装のまま,
hokutosei,independent,restaurant,北斗星,Hokutosei,千葉県鴨川市天津3326-4,,,https://www.facebook.com/jr.hokutosei,https://www.kamonavi.jp/member/%E3%81%9F%E3%81%93%E3%82%84%E3%81%8D%EF%BC%86%E3%83%91%E3%83%96%E3%80%80%E5%8C%97%E6%96%97%E6%98%9F/,2026-09-28,"Takoyaki shop and pub styled as a JNR 183-series train, with shinkansen and Green Car seats and station signs",国鉄183系風のたこ焼き店・居酒屋。新幹線やグリーン車の座席、駅名標,
tetsudo-sabo-a-ressha-de-iko,independent,cafe,鉄道茶房 A列車でいこう,Tetsudo Sabo A-Ressha de Iko,千葉県我孫子市天王台1-23-21 佐野ビル1階,,,https://www.instagram.com/abiko.train.cafe/,https://www.instagram.com/abiko.train.cafe/,2026-09-28,"Café opened in 2026 with a model layout running around the room and out to a garden diorama, plus a Plarail corner",2026年開業のカフェ。店内を一周して庭のジオラマへ出るレイアウトとプラレールコーナー,
restaurant-joki-kikansha,independent,restaurant,レストラン蒸氣汽関車,Restaurant Joki Kikansha,栃木県那須郡那須町高久乙24-2,,,https://nasu-jouki.com/,https://nasu-jouki.com/,2026-09-28,Restaurant where a 1/5-scale D51 steam locomotive hauls dishes to tables in its passenger cars,1/5のD51が客車で料理を運ぶレストラン,
blue-train-yokohama,independent,bar,ブルートレインyokohama,Blue Train Yokohama,神奈川県横浜市中区弁天通6-85 宇徳ビルB1,,,https://x.com/blue_train1014,https://x.com/blue_train1014/status/2103653164700619144,2026-09-28,"Railway pub opened in 2025 with model trains, railway goods and photos; took over items from the closed Shin-Yokohama Kikanku",2025年開業の鉄道居酒屋。模型、グッズ、写真。閉店した新横浜機関区の品を引き継ぐ,
garden-railway-cafe,independent,cafe,ガーデンレイルウェイ・カフェ,Garden Railway Cafe,神奈川県足柄下郡箱根町仙石原567-23,,,http://www.craft-s.com/gardenrailwaycafe.html,https://www.hakone.or.jp/736,2026-09-28,"Pizza café with a G-gauge garden railway, including a Landwasser Viaduct replica, that guests can drive",Gゲージの庭園鉄道（ランドヴァッサー橋の再現も）があるピザカフェ。運転もできる,
orient-express-at-lalique-museum-hakone,independent,cafe,オリエント急行（箱根ラリック美術館）,Orient Express at Lalique Museum Hakone,神奈川県足柄下郡箱根町仙石原186-1,,,https://www.lalique-museum.com/orient_express/,https://www.lalique-museum.com/orient_express/,2026-09-28,Tea served inside a real 1929 Orient Express Pullman car decorated with Lalique glass panels,1929年製のオリエント急行プルマン車の車内で楽しむお茶。ラリックのガラスパネル,
coffee-eki-blue-train,independent,cafe,珈琲駅 ブルートレイン,Coffee Eki Blue Train,富山県富山市鹿島町1-9-8,,,https://www.toyamashi-kankoukyoukai.jp/gourmet/bluetrain/,https://www.toyamashi-kankoukyoukai.jp/gourmet/bluetrain/,2026-09-28,"Coffee shop from around 1980 fitted like a passenger car, with the owner's handmade HO trains running around the room",1980年ごろからの客車風の喫茶店。店主手作りのHO列車が店内を走る,
tetsudoya,independent,cafe,鉄道屋,Tetsudoya,愛知県名古屋市西区城西5丁目12-26 青木ビル2F,,,https://x.com/tetsudoyanagoya,https://x.com/tetsudoyanagoya/status/2025354487985209437,2026-09-28,Café built around a 300 m+ N and HO layout; guests run their own or rented trains,300m超のN・HOレイアウトのカフェ。自分の列車やレンタル車両を走らせられる,
tetsudo-mokei-cafe-roman,independent,cafe,鉄道模型カフェ浪漫,Tetsudo Mokei Cafe Roman,愛知県一宮市本町1-2-7,,,https://ameblo.jp/tetsutomoroman/,https://ameblo.jp/tetsutomoroman/entry-12977358509.html,2026-09-28,Coffee shop around a large N-gauge diorama with about 100 m of track; guests may bring trains to run,約100mの線路のNゲージジオラマがある喫茶店。列車の持ち込み可,
tetsudo-bar-eki,independent,bar,鉄道バー 駅,Tetsudo Bar Eki,大阪府大阪市天王寺区上本町6-3-31 うえほんまちハイハイタウンB1,,,https://bar-eki-uehommachi.com/,https://x.com/KintetsuJirou/status/2101536637599760483,2026-09-28,"Standing bar fitted out like a KiHa 58 diesel railcar, with hanging straps, ad posters and railway memorabilia",キハ58形風の立ち飲みバー。つり革、中吊り広告、鉄道グッズ,
railside-cafe,independent,cafe,Railside Cafe,Railside Cafe,大阪府高槻市大畑町5-4 プリンスハイツ2階,,,https://railsidetonda.com/,https://railsidetonda.com/,2026-09-28,Café with N-gauge layouts guests can rent to run their own or the café's trains; next to JR Settsu-Tonda Station,Nゲージのレイアウトを借りて走らせられるカフェ。JR摂津富田駅のそば,
diorama-shokudo,independent,cafe,ジオラマ食堂,Diorama Shokudo,大阪府大阪市天王寺区寺田町2-5-1 石井ビル1階,,,https://railway-cats.com/,https://railway-cats.com/,2026-09-28,Rescue-cat café with model railway dioramas; drinks included in the hourly charge,保護猫カフェ。鉄道模型のジオラマあり。飲み物は時間料金に含む,
railway-cafe-ta-ta,independent,cafe,鉄道カフェTA-TA(たあた),Railway Cafe TA-TA,京都府京都市下京区朱雀内畑町44-5,,,https://x.com/CAFETATA_KYOTO,https://x.com/CAFETATA_KYOTO/status/2104561121856512387,2026-09-28,"Three-floor café near the Kyoto Railway Museum with real train seats, a mock cab and railway parts; upper floor overlooks passing trains",京都鉄道博物館近くの3階建てカフェ。本物の座席、模擬運転台、鉄道部品。上階から列車が見える,
future-train-kyoto-diner-cafe,independent,restaurant,FUTURE TRAIN KYOTO DINER & CAFE,Future Train Kyoto Diner & Cafe,京都府京都市下京区観喜寺町3-7 梅小路ハイライン,,,https://futuretrain.jp/,https://futuretrain.jp/,2026-09-28,Restaurant on a disused railway viaduct using a retired 681-series Thunderbird car plus dining-car style replica cars,廃線の高架を使ったレストラン。引退した681系サンダーバードと食堂車風の車両,
wild-flower,independent,cafe,ワイルドフラワー,Wild Flower,岡山県総社市秦2210,,,https://www.instagram.com/w_flower23/,https://www.instagram.com/w_flower23/,2026-09-28,"Café with the owner's handmade N-gauge layout of Kurashiki-area stations; kitchen in an old railway car, shinkansen seats",店主手作りの倉敷周辺のNゲージレイアウトがあるカフェ。厨房は古い鉄道車両、新幹線の座席,
